query,_id,_score,entrezgene,notfound
CYP2E1,1571,94.67232,1571.1,NaN
CYP2A6,1548,106.08018,1548.1,NaN
SLC46A1,113235,86.41173,113235.1,NaN
SLC46A1,113235,86.43617,113235.1,NaN
ATP6V1E2,90423,92.949745,90423.1,NaN
PIGX,54965,86.88485,54965.1,NaN
ALG10,84920,92.44662,84920.1,NaN
ALG10,84920,92.470764,84920.1,NaN
PDE7A,5150,89.241,5150.1,NaN
RDH10,157506,87.17975,157506.1,NaN
RDH10,157506,86.694405,157506.1,NaN
GAMT,2593,88.33902,2593.1,NaN
GAMT,2593,88.527596,2593.1,NaN
PLCD3,113026,86.64016,113026.1,NaN
MAN1A2,10905,85.15842,10905.1,NaN
IDI2,91734,99.43793,91734.1,NaN
CYP11B1,1584,100.28279,1584.1,NaN
SLC34A3,142680,94.72801,142680.1,NaN
ATP6V1C2,245973,86.01252,245973.1,NaN
ACACB,32,86.21511,32.1,NaN
ACACB,32,86.05774,32.1,NaN
SLC9A7,84679,86.2423,84679.1,NaN
SLC2A13,114134,88.26942,114134.1,NaN
SLC2A13,114134,88.785736,114134.1,NaN
CYB5D1,124637,106.14599,124637.1,NaN
NMNAT2,23057,86.732864,23057.1,NaN
SLC4A1,6521,87.21972,6521.1,NaN
HS6ST2,90161,91.43554,90161.1,NaN
HS6ST2,90161,91.425385,90161.1,NaN
SLC25A27,9481,87.26654,9481.1,NaN
SLC26A7,115111,87.09153,115111.1,NaN
SLC26A7,115111,87.478195,115111.1,NaN
B3GNT6,192134,96.36061,192134.1,NaN
B3GNT6,192134,96.37997,192134.1,NaN
HS6ST3,266722,90.50533,266722.1,NaN
SLC26A1,10861,86.91137,10861.1,NaN
PDE8A,5151,86.73197,5151.1,NaN
B3GNT7,93010,86.48438,93010.1,NaN
HAS3,3038,85.0257,3038.1,NaN
SUOX,6821,86.616005,6821.1,NaN
PIP4K2B,8396,87.40697,8396.1,NaN
PIP4K2B,8396,87.36357,8396.1,NaN
MOGAT1,116255,86.55825,116255.1,NaN
ATP6V0D2,245972,85.4508,245972.1,NaN
ATP6V0D2,245972,85.89635,245972.1,NaN
ATP6V0D2,245972,85.61646,245972.1,NaN
PDE5A,8654,86.64016,8654.1,NaN
SLC36A1,206358,91.8658,206358.1,NaN
PLCXD2,257068,89.39122,257068.1,NaN
DGKH,160851,87.562126,160851.1,NaN
SLC5A3,6526,86.43432,6526.1,NaN
SLC18A2,6571,85.78398,6571.1,NaN
UROC1,131669,88.90393,131669.1,NaN
COX6B2,125965,101.437035,125965.1,NaN
SLC17A8,246213,85.72974,246213.1,NaN
VNN3,55350,94.72731,55350.1,NaN
VNN3,55350,95.7835,55350.1,NaN
DGKB,1607,86.256004,1607.1,NaN
COX1,4512,62.619053,4512.1,NaN
SLC29A2,3177,87.6122,3177.1,NaN
ND2,4536,63.034534,4536.1,NaN
COX2,4513,63.038822,4513.1,NaN
COX2,4513,63.06327,4513.1,NaN
ND6,4541,63.12785,4541.1,NaN
PIK3C2A,5286,84.235985,5286.1,NaN
AK7,122481,87.00626,122481.1,NaN
TPH1,7166,87.06938,7166.1,NaN
LDHAL6A,160287,94.642044,160287.1,NaN
PIKFYVE,200576,84.435326,200576.1,NaN
B3GALT6,126792,87.91897,126792.1,NaN
CBS,875,86.415634,875.1,NaN
CYP39A1,51302,97.74712,51302.1,NaN
DTYMK,1841,85.94132,1841.1,NaN
DTYMK,1841,86.248344,1841.1,NaN
ATP6V1C2,245973,86.01252,245973.1,NaN
NT5E,4907,85.38776,4907.1,NaN
NT5E,4907,85.42156,4907.1,NaN
NDST1,3340,84.596725,3340.1,NaN
SLC4A4,8671,86.746925,8671.1,NaN
ARSB,411,81.19953,411.1,NaN
ARSB,411,81.24309,411.1,NaN
SPTLC1,10558,86.17808,10558.1,NaN
ENTPD5,957,86.64686,957.1,NaN
SLC4A8,9498,87.67826,9498.1,NaN
SLC33A1,9197,88.30495,9197.1,NaN
OGDH,4967,87.68579,4967.1,NaN
OGDH,4967,88.09086,4967.1,NaN
SLC25A27,9481,87.09809,9481.1,NaN
TMLHE,55217,85.37749,55217.1,NaN
ZADH2,284273,86.528465,284273.1,NaN
CYP19A1,1588,94.20857,1588.1,NaN
HNMT,3176,85.344894,3176.1,NaN
ITPKB,3707,85.738106,3707.1,NaN
PGLS,25796,86.45337,25796.1,NaN
CANT1,124583,85.99995,124583.1,NaN
NT5C1B,93034,99.29355,93034.1,NaN
PDE1C,5137,85.758705,5137.1,NaN
ADC,NaN,NaN,#VALUE!,True
UEVLD,55293,88.09086,55293.1,NaN
UEVLD,55293,88.09169,55293.1,NaN
TK1,7083,85.65186,7083.1,NaN
MOXD1,26002,87.975555,26002.1,NaN
PPA2,27068,81.798874,27068.1,NaN
DPYD,1806,86.72452,1806.1,NaN
DPYD,1806,86.990715,1806.1,NaN
SUV39H2,79723,89.93653,79723.1,NaN
BPNT1,10380,85.387375,10380.1,NaN
SLC1A6,6511,92.762474,6511.1,NaN
SLC1A6,6511,91.39809,6511.1,NaN
DGKE,8526,86.14254,8526.1,NaN
DGKE,8526,86.30661,8526.1,NaN
SLC23A2,9962,86.17581,9962.1,NaN
TYMS,7298,86.3912,7298.1,NaN
PDE4D,5144,86.528465,5144.1,NaN
NDUFA10,4705,85.72628,4705.1,NaN
SLC6A11,6538,87.84466,6538.1,NaN
SLC9A1,6548,89.62588,6548.1,NaN
INPP5A,3632,86.990715,3632.1,NaN
PDE8B,8622,88.23441,8622.1,NaN
ACP1,52,85.92964,52.1,NaN
ADCY7,113,85.4236,113.1,NaN
B3GNT5,84002,88.875114,84002.1,NaN
SLC12A1,6557,88.11636,6557.1,NaN
ATP6V1B1,525,89.37055,525.1,NaN
HMGCLL1,54511,86.216,54511.1,NaN
ABCC4,10257,86.213776,10257.1,NaN
FUT8,2530,85.53789,2530.1,NaN
CYP4A11,1579,102.7615,1579.1,NaN
ACAT1,38,86.886986,38.1,NaN
ACY3,91703,91.813774,91703.1,NaN
PTGS2,5743,87.37708,5743.1,NaN
SYNJ2,8871,88.14241,8871.1,NaN
P4HA2,8974,85.16923,8974.1,NaN
IDH1,3417,81.172554,3417.1,NaN
ABCC4,10257,86.20816,10257.1,NaN
NAGA,4668,81.791504,4668.1,NaN
NDUFS4,4724,82.93329,4724.1,NaN
ATP6V0A2,23545,84.77245,23545.1,NaN
ENTPD3,956,85.3604,956.1,NaN
ST3GAL3,6487,83.22443,6487.1,NaN
ST3GAL3,6487,83.36997,6487.1,NaN
TAT,6898,83.35447,6898.1,NaN
SLC4A5,57835,87.24992,57835.1,NaN
GCLC,2729,87.76608,2729.1,NaN
TPH2,121278,84.60157,121278.1,NaN
SLC38A4,55089,86.38276,55089.1,NaN
ENTPD4,9583,86.02741,9583.1,NaN
PIGQ,9091,85.111824,9091.1,NaN
B4GALNT1,2583,88.32682,2583.1,NaN
PIGK,10026,85.459435,10026.1,NaN
ALOX15B,247,94.29739,247.1,NaN
ASAH1,427,84.13781,427.1,NaN
IREB2,3658,86.66431,3658.1,NaN
TYR,7299,87.79711,7299.1,NaN
TYR,7299,87.64242,7299.1,NaN
SDS,10993,92.15589,10993.1,NaN
NDUFA10,4705,85.56863,4705.1,NaN
G6PC,2538,88.55087,2538.1,NaN
ST3GAL3,6487,83.22443,6487.1,NaN
H6PD,9563,86.833496,9563.1,NaN
ST3GAL3,6487,83.684166,6487.1,NaN
ST3GAL3,6487,83.36997,6487.1,NaN
PDHA1,5160,89.45612,5160.1,NaN
SLC19A1,6573,84.959595,6573.1,NaN
SLC19A1,6573,85.06067,6573.1,NaN
B3GNT7,93010,86.51681,93010.1,NaN
B3GNT7,93010,86.24742,93010.1,NaN
ATP5H,NaN,NaN,#VALUE!,True
NMNAT2,23057,86.554985,23057.1,NaN
B3GNT5,84002,88.899445,84002.1,NaN
PPA2,27068,82.5646,27068.1,NaN
PPA2,27068,81.798874,27068.1,NaN
HEXA,3073,87.02817,3073.1,NaN
SLC8A1,6546,84.75972,6546.1,NaN
PDE5A,8654,86.11266,8654.1,NaN
PDE5A,8654,86.30661,8654.1,NaN
PLD1,5337,85.05977,5337.1,NaN
MLL3,NaN,NaN,#VALUE!,True
NT5C,30833,88.19084,30833.1,NaN
SQLE,6713,85.782715,6713.1,NaN
ACSL4,2182,84.07061,2182.1,NaN
ACSL4,2182,83.95785,2182.1,NaN
PCCB,5096,84.490326,5096.1,NaN
NDUFA7,4701,87.28148,4701.1,NaN
ATP6V1H,51606,84.75658,51606.1,NaN
ATP6V1H,51606,84.63693,51606.1,NaN
SLC25A4,291,88.43662,291.1,NaN
GALE,2582,79.07354,2582.1,NaN
GALE,2582,79.07984,2582.1,NaN
PIKFYVE,200576,84.43551,200576.1,NaN
PDE6B,5158,86.048874,5158.1,NaN
SLC16A1,6566,88.67128,6566.1,NaN
ALPL,249,86.189896,249.1,NaN
SLC1A2,6506,86.298485,6506.1,NaN
SLC1A2,6506,86.02286,6506.1,NaN
MDH1B,130752,87.41097,130752.1,NaN
ATP5J2,NaN,NaN,#VALUE!,True
KDSR,2531,84.222916,2531.1,NaN
PIGW,284098,83.43734,284098.1,NaN
PGK1,5230,85.47432,5230.1,NaN
ABCC5,10057,85.76381,10057.1,NaN
SLC2A11,66035,89.952065,66035.1,NaN
VNN1,8876,93.25337,8876.1,NaN
ATP1A4,480,90.58052,480.1,NaN
PDE1A,5136,86.14366,5136.1,NaN
SLC46A1,113235,86.39855,113235.1,NaN
CEPT1,10390,86.75179,10390.1,NaN
NDUFB6,4712,86.5958,4712.1,NaN
MTHFS,10588,89.93653,10588.1,NaN
SLC9A5,6553,84.77532,6553.1,NaN
RDH13,112724,87.70949,112724.1,NaN
ACAT1,38,87.149605,38.1,NaN
PPA2,27068,81.798874,27068.1,NaN
CHDH,55349,84.13914,55349.1,NaN
CHDH,55349,84.05076,55349.1,NaN
NDST2,8509,88.26942,8509.1,NaN
CHPT1,56994,87.274025,56994.1,NaN
MCCC2,64087,83.34481,64087.1,NaN
SLC29A2,3177,87.573494,3177.1,NaN
SLC29A2,3177,87.59409,3177.1,NaN
SLC29A2,3177,87.56533,3177.1,NaN
GALNT14,79623,85.57517,79623.1,NaN
CYP19A1,1588,95.18915,1588.1,NaN
ALG5,29880,86.80618,29880.1,NaN
QDPR,5860,84.46795,5860.1,NaN
SLC17A1,6568,91.86096,6568.1,NaN
SLC17A1,6568,91.89371,6568.1,NaN
PGD,5226,86.14254,5226.1,NaN
PGD,5226,85.97323,5226.1,NaN
NOS1,4842,84.769646,4842.1,NaN
MAOB,4129,91.47888,4129.1,NaN
MAOB,4129,92.01168,4129.1,NaN
TXNRD1,7296,87.3139,7296.1,NaN
MTHFD1L,25902,86.64149,25902.1,NaN
SLC8A1,6546,84.60072,6546.1,NaN
SLC8A1,6546,84.75972,6546.1,NaN
CEPT1,10390,86.96478,10390.1,NaN
HS3ST3B1,9953,95.7835,9953.1,NaN
SLC5A12,159963,88.0874,159963.1,NaN
AKR1C1,1645,104.11619,1645.1,NaN
PDE5A,8654,86.11266,8654.1,NaN
PDE5A,8654,86.30661,8654.1,NaN
SLC8A3,6547,85.67351,6547.1,NaN
CYP17A1,1586,95.16204,1586.1,NaN
ST6GALNAC5,81849,85.32527,81849.1,NaN
C9orf95,NaN,NaN,#VALUE!,True
NMNAT2,23057,86.764015,23057.1,NaN
GPD1,2819,86.17887,2819.1,NaN
GPD1,2819,85.891174,2819.1,NaN
PIGX,54965,86.692665,54965.1,NaN
PLCG2,5336,85.12923,5336.1,NaN
ATP4B,496,86.374054,496.1,NaN
ATP4B,496,86.358376,496.1,NaN
INPP5B,3633,84.97786,3633.1,NaN
HSD17B4,3295,85.97149,3295.1,NaN
PIGG,54872,85.04416,54872.1,NaN
CAD,790,85.965096,790.1,NaN
ATP1A4,480,90.87111,480.1,NaN
P4HB,5034,87.07278,5034.1,NaN
GLS2,27165,88.13259,27165.1,NaN
GLS2,27165,87.90942,27165.1,NaN
GLS2,27165,88.47136,27165.1,NaN
HYALP1,NaN,NaN,#VALUE!,True
SETDB2,83852,91.090675,83852.1,NaN
SETDB2,83852,90.805046,83852.1,NaN
SLC8A1,6546,84.78686,6546.1,NaN
SLC8A1,6546,84.60072,6546.1,NaN
ATP1A4,480,90.895775,480.1,NaN
HPRT1,3251,88.91868,3251.1,NaN
DTYMK,1841,85.94132,1841.1,NaN
DTYMK,1841,86.248344,1841.1,NaN
ALDH3B1,221,91.84028,221.1,NaN
DUOX1,53905,90.02894,53905.1,NaN
DUOX1,53905,89.769966,53905.1,NaN
NADSYN1,55191,85.78315,55191.1,NaN
NADSYN1,55191,85.608795,55191.1,NaN
SLC17A4,10050,91.464806,10050.1,NaN
SOD2,6648,85.4071,6648.1,NaN
PDXK,8566,87.06089,8566.1,NaN
PDXK,8566,86.55378,8566.1,NaN
PLCE1,51196,85.95795,51196.1,NaN
PLCE1,51196,86.18552,51196.1,NaN
NSF,4905,87.6057,4905.1,NaN
NSF,4905,87.60128,4905.1,NaN
GAD2,2572,84.667816,2572.1,NaN
GALNT1,2589,88.1193,2589.1,NaN
CSAD,51380,89.36735,51380.1,NaN
PIK3R2,5296,84.137695,5296.1,NaN
ATP10A,57194,84.1183,57194.1,NaN
SLC8A3,6547,85.30176,6547.1,NaN
SLC24A4,123041,86.91497,123041.1,NaN
SLC24A4,123041,86.77603,123041.1,NaN
INPP5D,3635,85.12699,3635.1,NaN
PIGT,51604,86.281136,51604.1,NaN
PIK3C2A,5286,84.343636,5286.1,NaN
PIK3C2A,5286,84.235985,5286.1,NaN
SLC1A3,6507,86.89867,6507.1,NaN
MGAT4A,11320,88.67941,11320.1,NaN
PIK3C3,5289,86.04326,5289.1,NaN
SLC5A9,200010,86.247154,200010.1,NaN
CSGALNACT1,55790,85.85251,55790.1,NaN
PAFAH1B2,5049,85.73301,5049.1,NaN
GDA,9615,84.04923,9615.1,NaN
PIK3C2A,5286,84.235985,5286.1,NaN
PIK3C2A,5286,84.78673,5286.1,NaN
NMNAT1,64802,87.77978,64802.1,NaN
XYLB,9942,82.79023,9942.1,NaN
AK7,122481,86.6659,122481.1,NaN
AK7,122481,86.627205,122481.1,NaN
ATP8A1,10396,87.09615,10396.1,NaN
ST8SIA1,6489,84.61042,6489.1,NaN
SLC25A18,83733,86.96057,83733.1,NaN
ATP5A1,NaN,NaN,#VALUE!,True
SLC34A3,142680,94.7224,142680.1,NaN
NDST4,64579,90.00911,64579.1,NaN
ABCA1,19,88.55831,19.1,NaN
BDH1,622,87.72898,622.1,NaN
ABCB4,5244,90.80345,5244.1,NaN
XYLT2,64132,86.12331,64132.1,NaN
CMPK1,51727,85.18091,51727.1,NaN
CCBL1,NaN,NaN,#VALUE!,True
CCBL1,NaN,NaN,#VALUE!,True
PLD1,5337,86.55924,5337.1,NaN
SLC25A3,5250,85.658005,5250.1,NaN
DAD1,1603,86.764015,1603.1,NaN
GUK1,2987,86.326546,2987.1,NaN
ATP6V0B,533,85.13076,533.1,NaN
COX4I1,1327,99.21262,1327.1,NaN
ATP6V0E1,8992,88.0926,8992.1,NaN
SOD1,6647,86.31593,6647.1,NaN
GLUL,2752,86.927155,2752.1,NaN
LDHA,3939,91.20098,3939.1,NaN
P4HB,5034,87.07278,5034.1,NaN
P4HB,5034,86.990715,5034.1,NaN
SLC25A5,292,90.00871,292.1,NaN
CTSA,5476,86.46356,5476.1,NaN
GLO1,2739,84.843056,2739.1,NaN
HK1,3098,89.48348,3098.1,NaN
GOT2,2806,86.24742,2806.1,NaN
GPX1,2876,89.63581,2876.1,NaN
PGK1,5230,85.47432,5230.1,NaN
PGK1,5230,85.608795,5230.1,NaN
DPYSL2,1808,88.191025,1808.1,NaN
MAT2A,4144,89.56007,4144.1,NaN
MAT2A,4144,89.09729,4144.1,NaN
ECH1,1891,86.024994,1891.1,NaN
ODC1,4953,86.66052,4953.1,NaN
ACO2,50,86.7652,50.1,NaN
PAFAH1B1,5048,85.9037,5048.1,NaN
PAFAH1B1,5048,85.750404,5048.1,NaN
PAFAH1B1,5048,85.45174,5048.1,NaN
TPI1,7167,86.26769,7167.1,NaN
PLOD1,5351,84.77245,5351.1,NaN
SCD,6319,86.83523,6319.1,NaN
SCD,6319,86.98078,6319.1,NaN
AHCYL1,10768,85.99314,10768.1,NaN
AHCYL1,10768,85.426025,10768.1,NaN
AHCYL1,10768,85.757774,10768.1,NaN
DHCR24,1718,84.61502,1718.1,NaN
UQCRC2,7385,100.388596,7385.1,NaN
CKB,1152,88.09182,1152.1,NaN
PGAM1,5223,92.19346,5223.1,NaN
AHCY,191,84.222916,191.1,NaN
SLC3A2,6520,86.72675,6520.1,NaN
COX6A1,1337,95.70954,1337.1,NaN
GLUD1,2746,91.813774,2746.1,NaN
GLUD1,2746,91.419,2746.1,NaN
ATP6V0C,527,86.20183,527.1,NaN
SEPHS2,22928,90.572395,22928.1,NaN
ALDOA,226,90.895775,226.1,NaN
MDH1,4190,86.73157,4190.1,NaN
PDHA1,5160,89.45612,5160.1,NaN
PDHA1,5160,89.39838,5160.1,NaN
PRDX2,7001,89.47919,7001.1,NaN
HADHB,3032,87.46527,3032.1,NaN
RPN1,6184,87.50554,6184.1,NaN
PAICS,10606,88.02025,10606.1,NaN
PAICS,10606,88.02403,10606.1,NaN
LDHB,3945,87.44186,3945.1,NaN
HADH,3033,86.87636,3033.1,NaN
HADH,3033,86.72992,3033.1,NaN
PFKP,5214,87.121414,5214.1,NaN
CYC1,1537,95.173645,1537.1,NaN
PIP4K2B,8396,87.40255,8396.1,NaN
PIP4K2B,8396,87.36357,8396.1,NaN
ATP6V1B2,526,89.40477,526.1,NaN
SDHA,6389,83.01799,6389.1,NaN
PFKL,5211,87.702934,5211.1,NaN
GPX4,2879,86.22271,2879.1,NaN
PGD,5226,85.97323,5226.1,NaN
COX8A,1351,96.327896,1351.1,NaN
MGAT1,4245,88.98695,4245.1,NaN
ACLY,47,84.872025,47.1,NaN
ACLY,47,84.89647,47.1,NaN
COX7C,1350,93.36574,1350.1,NaN
ECHS1,1892,86.706696,1892.1,NaN
ATP6V0E1,8992,87.881386,8992.1,NaN
ATP6V0E1,8992,87.67826,8992.1,NaN
IDH1,3417,81.23512,3417.1,NaN
SLC7A5,8140,86.2423,8140.1,NaN
AMD1,262,86.34602,262.1,NaN
AMD1,262,86.706696,262.1,NaN
NDUFB8,4714,87.876526,4714.1,NaN
ENO1,2023,83.524124,2023.1,NaN
ATP1B1,481,88.170815,481.1,NaN
ATP1B1,481,87.26056,481.1,NaN
SLC2A1,6513,90.269424,6513.1,NaN
SLC2A1,6513,90.84376,6513.1,NaN
PKM2,NaN,NaN,#VALUE!,True
CDIPT,10423,89.04577,10423.1,NaN
COX7A2L,9167,92.56198,9167.1,NaN
TXNRD1,7296,87.149315,7296.1,NaN
AKR1B1,231,89.23306,231.1,NaN
FDPS,2224,86.70461,2224.1,NaN
OGDH,4967,88.09086,4967.1,NaN
SEC11A,23478,87.00494,23478.1,NaN
NDUFA5,4698,85.88816,4698.1,NaN
ENO2,2026,85.31068,2026.1,NaN
ATP5B,NaN,NaN,#VALUE!,True
SCP2,6342,86.46356,6342.1,NaN
GRHPR,9380,86.31503,9380.1,NaN
GPX3,2878,85.94545,2878.1,NaN
PHGDH,26227,84.98277,26227.1,NaN
MGST3,4259,87.84292,4259.1,NaN
HSD17B4,3295,85.9629,3295.1,NaN
GSS,2937,86.42449,2937.1,NaN
ALDH2,217,84.18859,217.1,NaN
DPYSL3,1809,86.210815,1809.1,NaN
DPYSL3,1809,86.55524,1809.1,NaN
CAT,847,85.557846,847.1,NaN
PTDSS1,9791,87.60682,9791.1,NaN
COX6B1,1340,95.833244,1340.1,NaN
TALDO1,6888,88.4922,6888.1,NaN
RRM1,6240,86.40343,6240.1,NaN
RRM1,6240,86.24324,6240.1,NaN
PYGB,5834,86.45337,5834.1,NaN
IDH3B,3420,81.06795,3420.1,NaN
SRM,6723,86.08225,6723.1,NaN
ATP6V1F,9296,87.81365,9296.1,NaN
GYG1,2992,89.42642,2992.1,NaN
SORD,6652,86.07835,6652.1,NaN
SORD,6652,85.94132,6652.1,NaN
UQCRQ,27089,95.807625,27089.1,NaN
DCTD,1635,87.326675,1635.1,NaN
DCTD,1635,87.0605,1635.1,NaN
GLB1,2720,84.17538,2720.1,NaN
NME1,4830,96.90651,4830.1,NaN
COX7A2,1347,104.20824,1347.1,NaN
INPPL1,3636,86.468506,3636.1,NaN
OAT,4942,82.16395,4942.1,NaN
ALDH9A1,223,87.2481,223.1,NaN
GPAA1,8733,87.44369,8733.1,NaN
PRDX3,10935,87.893616,10935.1,NaN
ACP1,52,85.60276,52.1,NaN
ACP1,52,86.05781,52.1,NaN
TSTA3,7264,85.01685,7264.1,NaN
ACSL3,2181,86.90526,2181.1,NaN
ACSL3,2181,86.210815,2181.1,NaN
ACSL3,2181,86.383,2181.1,NaN
GYS1,2997,88.4155,2997.1,NaN
DNMT1,1786,86.732864,1786.1,NaN
ENTPD6,955,85.30661,955.1,NaN
GALNT1,2589,88.2693,2589.1,NaN
GALNT1,2589,88.1193,2589.1,NaN
GALNT1,2589,88.77826,2589.1,NaN
NDUFS3,4722,86.04238,4722.1,NaN
COX6C,1345,97.755295,1345.1,NaN
MTHFD2,10797,86.7652,10797.1,NaN
HEXA,3073,87.02817,3073.1,NaN
DHCR7,1717,86.45106,1717.1,NaN
DHCR7,1717,86.29942,1717.1,NaN
SLC29A1,2030,87.47432,2030.1,NaN
SLC29A1,2030,87.677864,2030.1,NaN
B4GALT1,2683,86.30661,2683.1,NaN
B4GALT1,2683,86.26764,2683.1,NaN
RRM2,6241,86.73044,6241.1,NaN
IMPDH2,3615,83.93085,3615.1,NaN
AKR1A1,10327,86.43617,10327.1,NaN
UQCRC1,7384,93.357735,7384.1,NaN
COASY,80347,85.331345,80347.1,NaN
SLC20A1,6574,89.67328,6574.1,NaN
ETFA,2108,86.54427,2108.1,NaN
HEXB,3074,86.41173,3074.1,NaN
GNPAT,8443,86.70676,8443.1,NaN
ACSL1,2180,87.59095,2180.1,NaN
NDUFS2,4720,87.586006,4720.1,NaN
PGM1,5236,85.206,5236.1,NaN
ATP6V1A,523,86.3836,523.1,NaN
ATP6V1A,523,86.22264,523.1,NaN
EXT1,2131,88.11636,2131.1,NaN
ST6GAL1,6480,85.13593,6480.1,NaN
NDUFA6,4700,85.82108,4700.1,NaN
NDUFA6,4700,85.673584,4700.1,NaN
SDHC,6391,80.39792,6391.1,NaN
EXT2,2132,85.72853,2132.1,NaN
EXT2,2132,85.69127,2132.1,NaN
ALDOC,230,86.83964,230.1,NaN
ACAA1,30,86.0096,30.1,NaN
SDHD,6392,85.18945,6392.1,NaN
MAN2A2,4122,84.946556,4122.1,NaN
SMS,6611,85.852135,6611.1,NaN
ALDH3A2,224,89.90308,224.1,NaN
ALDH3A2,224,89.1959,224.1,NaN
IDH3A,3419,81.44564,3419.1,NaN
IDH3A,3419,81.36851,3419.1,NaN
NDUFAB1,4706,88.42366,4706.1,NaN
COX7B,1349,102.7615,1349.1,NaN
SLC4A2,6522,89.71662,6522.1,NaN
AKR7A2,8574,95.80091,8574.1,NaN
ADSL,158,87.45218,158.1,NaN
PYCR1,5831,88.09086,5831.1,NaN
CHPF,79586,86.57565,79586.1,NaN
PLOD3,8985,87.91035,8985.1,NaN
MTMR3,8897,83.950516,8897.1,NaN
MTMR3,8897,83.93092,8897.1,NaN
BLVRB,645,90.778854,645.1,NaN
FADS2,9415,88.44332,9415.1,NaN
SLC6A8,6535,87.79042,6535.1,NaN
UQCRH,7388,95.60194,7388.1,NaN
SLC16A1,6566,88.05239,6566.1,NaN
SLC16A1,6566,88.29048,6566.1,NaN
SLC16A1,6566,88.27963,6566.1,NaN
NNMT,4837,92.2084,4837.1,NaN
NNMT,4837,92.5824,4837.1,NaN
LSS,4047,83.567505,4047.1,NaN
G6PD,2539,86.10908,2539.1,NaN
SPTLC1,10558,85.693016,10558.1,NaN
SPTLC1,10558,86.17808,10558.1,NaN
HSD17B10,3028,86.09916,3028.1,NaN
NDUFA1,4694,87.88222,4694.1,NaN
MTHFD1,4522,87.95552,4522.1,NaN
CYP51A1,1595,96.28355,1595.1,NaN
GGPS1,9453,84.21724,9453.1,NaN
GGPS1,9453,84.21228,9453.1,NaN
ATP5J,NaN,NaN,#VALUE!,True
EHMT2,10919,86.72767,10919.1,NaN
BCKDHA,593,86.267456,593.1,NaN
TK1,7083,86.21087,7083.1,NaN
COX5B,1329,95.173645,1329.1,NaN
ACADS,35,85.982544,35.1,NaN
GNPDA1,10007,87.64058,10007.1,NaN
PISD,23761,86.99197,23761.1,NaN
NSF,4905,87.76608,4905.1,NaN
KDSR,2531,83.45396,2531.1,NaN
ACSL4,2182,83.95785,2182.1,NaN
CYP1B1,1545,93.7037,1545.1,NaN
CYP1B1,1545,93.33079,1545.1,NaN
CYP1B1,1545,92.91429,1545.1,NaN
CYP1B1,1545,91.83908,1545.1,NaN
IDS,3423,87.73084,3423.1,NaN
IDS,3423,87.72898,3423.1,NaN
PFKFB3,5209,83.441216,5209.1,NaN
IDH3G,3421,83.5941,3421.1,NaN
MPI,4351,84.7012,4351.1,NaN
SLC2A3,6515,95.274345,6515.1,NaN
SLC2A3,6515,95.852585,6515.1,NaN
SLC2A3,6515,95.29693,6515.1,NaN
ACADM,34,87.67671,34.1,NaN
GALE,2582,78.97393,2582.1,NaN
DHFR,1719,86.30487,1719.1,NaN
DHFR,1719,86.71413,1719.1,NaN
DHFR,1719,86.73948,1719.1,NaN
HMGCR,3156,86.82489,3156.1,NaN
HMGCR,3156,86.46356,3156.1,NaN
AK1,203,86.326546,203.1,NaN
AK1,203,86.110344,203.1,NaN
TYMS,7298,86.38602,7298.1,NaN
GUSB,2990,87.98924,2990.1,NaN
NDST1,3340,84.99241,3340.1,NaN
NDST1,3340,84.88479,3340.1,NaN
CTPS,NaN,NaN,#VALUE!,True
PLOD2,5352,85.94545,5352.1,NaN
PLOD2,5352,85.4914,5352.1,NaN
PDXK,8566,87.05743,8566.1,NaN
DPM1,8813,83.52241,8813.1,NaN
SDHB,6390,82.1295,6390.1,NaN
COX4I1,1327,96.327896,1327.1,NaN
UMPS,7372,87.84637,7372.1,NaN
UMPS,7372,87.676216,7372.1,NaN
CAD,790,85.23525,790.1,NaN
GFPT1,2673,87.6407,2673.1,NaN
GFPT1,2673,87.886185,2673.1,NaN
P4HA2,8974,85.092094,8974.1,NaN
EBP,10682,86.34774,10682.1,NaN
PIK3R3,8503,89.14929,8503.1,NaN
SLC20A2,6575,84.9455,6575.1,NaN
SLC7A8,23428,86.34602,23428.1,NaN
ACP2,53,86.945435,53.1,NaN
HMGCL,3155,86.326546,3155.1,NaN
OXCT1,5019,88.98695,5019.1,NaN
NNT,23530,85.43114,23530.1,NaN
NNT,23530,85.60024,23530.1,NaN
NDUFA7,4701,87.47914,4701.1,NaN
PLCG1,5335,83.441216,5335.1,NaN
INPP1,3628,87.4787,3628.1,NaN
SLC1A3,6507,86.65325,6507.1,NaN
ABCC1,4363,87.149605,4363.1,NaN
ABCC1,4363,86.886986,4363.1,NaN
GAA,2548,84.35526,2548.1,NaN
SLC25A4,291,88.45145,291.1,NaN
SLC37A4,2542,88.45986,2542.1,NaN
GPX2,2877,88.09169,2877.1,NaN
FUCA1,2517,87.2933,2517.1,NaN
NDUFB7,4713,87.65304,4713.1,NaN
PIGC,5279,86.29312,5279.1,NaN
PCK2,5106,86.08225,5106.1,NaN
HPRT1,3251,89.36753,3251.1,NaN
SLC16A3,9123,87.09809,9123.1,NaN
SLC16A3,9123,87.26654,9123.1,NaN
FAH,2184,84.60305,2184.1,NaN
ATP6V1C1,528,86.38449,528.1,NaN
ATP6V1C1,528,86.08225,528.1,NaN
ATP6V1C1,528,86.73114,528.1,NaN
ANPEP,290,88.66458,290.1,NaN
GCLC,2729,87.76608,2729.1,NaN
GCLC,2729,87.6057,2729.1,NaN
SUCLA2,8803,85.94776,8803.1,NaN
HK2,3099,86.35625,3099.1,NaN
NDUFV2,4729,84.19033,4729.1,NaN
ETFB,2109,86.21511,2109.1,NaN
NAGA,4668,81.799805,4668.1,NaN
NAGA,4668,81.82426,4668.1,NaN
FPGS,2356,88.05413,2356.1,NaN
MUT,NaN,NaN,#VALUE!,True
MUT,NaN,NaN,#VALUE!,True
ATP5J2,NaN,NaN,#VALUE!,True
PYGL,5836,88.99368,5836.1,NaN
STARD3,10948,86.43617,10948.1,NaN
INPP5A,3632,86.694405,3632.1,NaN
IMPA1,3612,85.30661,3612.1,NaN
MVD,4597,88.98431,4597.1,NaN
UROS,7390,84.52373,7390.1,NaN
FH,2271,86.73138,2271.1,NaN
FH,2271,86.550606,2271.1,NaN
NDUFS1,4719,83.25543,4719.1,NaN
HMBS,3145,86.910866,3145.1,NaN
CHSY1,22856,89.23262,22856.1,NaN
PAPSS2,9060,88.548256,9060.1,NaN
PAPSS2,9060,88.55656,9060.1,NaN
PAPSS2,9060,88.58101,9060.1,NaN
PDHX,8050,84.75622,8050.1,NaN
MGAT2,4247,87.387276,4247.1,NaN
MGAT2,4247,87.41097,4247.1,NaN
FECH,2235,86.519966,2235.1,NaN
FECH,2235,86.38155,2235.1,NaN
IMPA2,3613,87.18332,3613.1,NaN
SPTLC2,9517,86.732864,9517.1,NaN
SPTLC2,9517,86.764015,9517.1,NaN
SETDB1,9869,87.82518,9869.1,NaN
GLS,2744,83.76445,2744.1,NaN
GLS,2744,83.440506,2744.1,NaN
GLS,2744,83.760994,2744.1,NaN
SLC33A1,9197,88.511925,9197.1,NaN
SLC33A1,9197,88.27963,9197.1,NaN
GATM,2628,87.47259,2628.1,NaN
GALT,2592,81.87698,2592.1,NaN
ALDH1A3,220,88.09399,220.1,NaN
B3GNT1,NaN,NaN,#VALUE!,True
NDUFS8,4728,84.05592,4728.1,NaN
NDUFS8,4728,84.21627,4728.1,NaN
ABCC4,10257,86.20816,10257.1,NaN
PMM2,5373,86.05021,5373.1,NaN
ST3GAL5,8869,85.5831,8869.1,NaN
APRT,353,86.20816,353.1,NaN
RFK,55312,86.907,55312.1,NaN
RFK,55312,86.911804,55312.1,NaN
PAFAH1B3,5050,88.45145,5050.1,NaN
UPP1,7378,86.72452,7378.1,NaN
DTYMK,1841,86.24324,1841.1,NaN
GBE1,2632,85.46265,2632.1,NaN
HS2ST1,9653,88.763985,9653.1,NaN
HS2ST1,9653,88.56932,9653.1,NaN
HS2ST1,9653,88.72015,9653.1,NaN
ATP1A2,477,95.695244,477.1,NaN
ATP1A2,477,96.31229,477.1,NaN
DCK,1633,84.671165,1633.1,NaN
SLC35A1,10559,87.2132,10559.1,NaN
INPP5D,3635,85.12699,3635.1,NaN
INPP5D,3635,84.97786,3635.1,NaN
PHYH,5264,86.55019,5264.1,NaN
SLC25A12,8604,84.464035,8604.1,NaN
SLC25A12,8604,84.622116,8604.1,NaN
UGDH,7358,85.88834,7358.1,NaN
NDUFB3,4709,85.357544,4709.1,NaN
DGKA,1606,89.41491,1606.1,NaN
GALNT3,2591,85.65186,2591.1,NaN
GALNT3,2591,85.852135,2591.1,NaN
PRPS2,5634,88.87832,5634.1,NaN
MTHFS,10588,89.93653,10588.1,NaN
OCRL,4952,84.74639,4952.1,NaN
B3GAT3,26229,86.88158,26229.1,NaN
SAT1,6303,86.20183,6303.1,NaN
SPR,6697,88.784515,6697.1,NaN
PMM1,5372,85.78629,5372.1,NaN
SLCO2B1,11309,84.55303,11309.1,NaN
SLCO2B1,11309,84.816536,11309.1,NaN
CYP19A1,1588,94.20857,1588.1,NaN
NDUFC1,4717,89.904335,4717.1,NaN
GCDH,2639,88.33035,2639.1,NaN
BPGM,669,85.62813,669.1,NaN
ABCA1,19,88.44112,19.1,NaN
ABCA1,19,87.586006,19.1,NaN
PMVK,10654,87.2481,10654.1,NaN
MPST,4357,86.23494,4357.1,NaN
ALG8,79053,84.04774,79053.1,NaN
LPL,4023,89.569115,4023.1,NaN
LPL,4023,89.396164,4023.1,NaN
PCBD1,5092,84.70416,5092.1,NaN
ABP1,NaN,NaN,#VALUE!,True
GGH,8836,88.9554,8836.1,NaN
AGL,178,87.59409,178.1,NaN
BCAT2,587,89.63939,587.1,NaN
SLC7A6,9057,87.286674,9057.1,NaN
SLC7A6,9057,86.94425,9057.1,NaN
SLC7A6,9057,86.91137,9057.1,NaN
NDUFS6,4726,87.18101,4726.1,NaN
ALDH5A1,7915,85.28209,7915.1,NaN
ALDH5A1,7915,85.15301,7915.1,NaN
NDUFB6,4712,86.14366,4712.1,NaN
SULT1A1,6817,101.437035,6817.1,NaN
NDUFB5,4711,86.21428,4711.1,NaN
CPT1A,1374,86.46401,1374.1,NaN
CPT1A,1374,86.796074,1374.1,NaN
PLA2G2A,5320,95.693985,5320.1,NaN
SLC25A20,788,88.66591,788.1,NaN
COX5A,9377,91.87315,9377.1,NaN
HMOX1,3162,87.64058,3162.1,NaN
MAN2C1,4123,85.09248,4123.1,NaN
DGAT1,8694,91.38797,8694.1,NaN
GNS,2799,84.87188,2799.1,NaN
IVD,3712,85.056885,3712.1,NaN
IVD,3712,85.2069,3712.1,NaN
PDE4B,5142,89.36753,5142.1,NaN
HIBCH,26275,86.72452,26275.1,NaN
ALDH4A1,8659,85.837204,8659.1,NaN
ITPKB,3707,85.60024,3707.1,NaN
ADCY7,113,85.27546,113.1,NaN
ST3GAL4,6484,86.248344,6484.1,NaN
STS,412,87.20066,412.1,NaN
STS,412,86.519966,412.1,NaN
STS,412,86.048164,412.1,NaN
STS,412,86.539314,412.1,NaN
BLVRA,644,85.155525,644.1,NaN
BLVRA,644,85.0257,644.1,NaN
BLVRA,644,85.23833,644.1,NaN
MTR,4548,83.26077,4548.1,NaN
SLC25A13,10165,85.758705,10165.1,NaN
MANBA,4126,85.249344,4126.1,NaN
DGUOK,1716,87.883125,1716.1,NaN
GUCY1B3,NaN,NaN,#VALUE!,True
PCCA,5095,85.26762,5095.1,NaN
PIK3CD,5293,85.03652,5293.1,NaN
PLCB4,5332,84.90064,5332.1,NaN
PLCB4,5332,84.59257,5332.1,NaN
SLC4A4,8671,87.14745,8671.1,NaN
NDST2,8509,88.785736,8509.1,NaN
CHST2,9435,86.87453,9435.1,NaN
GCLM,2730,84.56523,2730.1,NaN
ATP5D,NaN,NaN,#VALUE!,True
NT5E,4907,85.69127,4907.1,NaN
ARG2,384,84.55303,384.1,NaN
ARG2,384,84.542175,384.1,NaN
MPO,4353,93.75258,4353.1,NaN
MPO,4353,94.67228,4353.1,NaN
CA12,771,86.55378,771.1,NaN
CYP27A1,1593,97.64168,1593.1,NaN
FUT8,2530,85.53801,2530.1,NaN
MAOB,4129,91.77345,4129.1,NaN
QPRT,23475,86.746925,23475.1,NaN
PLCB2,5330,85.730576,5330.1,NaN
PTEN,5728,87.09615,5728.1,NaN
PTEN,5728,87.280556,5728.1,NaN
MVK,4598,82.62933,4598.1,NaN
ME1,4199,83.7201,4199.1,NaN
ME1,4199,83.523735,4199.1,NaN
SUOX,6821,86.46401,6821.1,NaN
ENTPD4,9583,86.17059,9583.1,NaN
ENTPD4,9583,85.94418,9583.1,NaN
SLC5A6,8884,88.30659,8884.1,NaN
PDE6D,5147,85.0257,5147.1,NaN
HNMT,3176,85.35504,3176.1,NaN
HNMT,3176,85.344894,3176.1,NaN
HNMT,3176,86.18552,3176.1,NaN
ADK,132,84.463104,132.1,NaN
ADK,132,84.577126,132.1,NaN
SLC34A2,10568,86.415634,10568.1,NaN
HSD11B2,3291,85.57473,3291.1,NaN
PDE2A,5138,87.207054,5138.1,NaN
PIGQ,9091,84.70345,9091.1,NaN
AKR1C1,1645,104.14154,1645.1,NaN
CDO1,1036,85.282166,1036.1,NaN
TCIRG1,10312,88.436165,10312.1,NaN
BTD,686,86.616005,686.1,NaN
MGST2,4258,89.48348,4258.1,NaN
IMPDH1,3614,91.64304,3614.1,NaN
CPOX,1371,89.76903,1371.1,NaN
GMPR,2766,86.05112,2766.1,NaN
CHKB,1120,88.56166,1120.1,NaN
PCYT1A,5130,85.53789,5130.1,NaN
PCYT1A,5130,85.70106,5130.1,NaN
ACOT8,10005,82.88313,10005.1,NaN
GCH1,2643,87.50421,2643.1,NaN
TK2,7084,84.13781,7084.1,NaN
SLC17A7,57030,90.506935,57030.1,NaN
SLC17A7,57030,90.228874,57030.1,NaN
CHKA,1119,87.90992,1119.1,NaN
ACOX3,8310,84.70491,8310.1,NaN
ACOX3,8310,84.29933,8310.1,NaN
CPT2,1376,86.48438,1376.1,NaN
CPT2,1376,86.84455,1376.1,NaN
CHKA,1119,87.876526,1119.1,NaN
TK2,7084,84.381836,7084.1,NaN
TK2,7084,84.09155,7084.1,NaN
ALDH6A1,4329,83.45396,4329.1,NaN
SGSH,6448,85.27546,6448.1,NaN
AMT,275,86.47884,275.1,NaN
PIK3C3,5289,86.04326,5289.1,NaN
CYP11A1,1583,96.95087,1583.1,NaN
NPR2,4882,84.872025,4882.1,NaN
ATP1B2,482,88.65037,482.1,NaN
AGA,175,88.02025,175.1,NaN
AGA,175,88.23932,175.1,NaN
NAGLU,4669,86.34066,4669.1,NaN
SLCO2A1,6578,85.483765,6578.1,NaN
PIK3CA,5290,86.09897,5290.1,NaN
GALK1,2584,85.29924,2584.1,NaN
KYNU,8942,83.96101,8942.1,NaN
MAOA,4128,90.31796,4128.1,NaN
MAOA,4128,90.57216,4128.1,NaN
SLC43A1,8501,87.58646,8501.1,NaN
SLC12A2,6558,90.07293,6558.1,NaN
GALC,2581,85.012,2581.1,NaN
LCAT,3931,85.27546,3931.1,NaN
SLC2A5,6518,88.436165,6518.1,NaN
SLC2A5,6518,87.81365,6518.1,NaN
FOLR1,2348,91.7624,2348.1,NaN
ARSA,410,84.29974,410.1,NaN
ALOX5,240,84.596725,240.1,NaN
ALOX5,240,84.577126,240.1,NaN
SLC16A2,6567,86.12285,6567.1,NaN
PC,5091,87.64202,5091.1,NaN
ENO3,2027,90.37491,2027.1,NaN
PIK3C2B,5287,86.158035,5287.1,NaN
PDE4D,5144,86.344284,5144.1,NaN
ADCY9,115,85.714066,115.1,NaN
ADCY9,115,85.70322,115.1,NaN
CA12,771,87.20066,771.1,NaN
CA12,771,86.69611,771.1,NaN
HSD3B1,3283,99.18726,3283.1,NaN
ST6GALNAC2,10610,88.4224,10610.1,NaN
GSTM1,2944,96.447174,2944.1,NaN
INPP4A,3631,85.63831,3631.1,NaN
INPP4A,3631,85.662,3631.1,NaN
COX7A1,1346,99.40518,1346.1,NaN
CROT,54677,84.43336,54677.1,NaN
SLC25A14,9016,87.11305,9016.1,NaN
SLC7A7,9056,86.19861,9056.1,NaN
HMGCS2,3158,88.12492,3158.1,NaN
ASL,435,85.3604,435.1,NaN
PLCG2,5336,85.4236,5336.1,NaN
IDI1,3422,87.79805,3422.1,NaN
ADA,100,84.59947,100.1,NaN
DPYD,1806,86.34602,1806.1,NaN
NPR1,4881,87.01976,4881.1,NaN
ME3,10873,86.69573,10873.1,NaN
ALPP,250,97.76754,250.1,NaN
SRD5A1,6715,85.13076,6715.1,NaN
ATP2B2,491,87.30681,491.1,NaN
PLA2G6,8398,85.05576,8398.1,NaN
ALDOB,229,89.1412,229.1,NaN
ALDOB,229,89.41491,229.1,NaN
INPP5E,56623,87.29777,56623.1,NaN
SLC29A2,3177,87.59409,3177.1,NaN
PDE4A,5141,88.26768,5141.1,NaN
PTGS2,5743,87.6057,5743.1,NaN
PPOX,5498,86.248344,5498.1,NaN
CKM,1158,87.64058,1158.1,NaN
HSD17B2,3294,88.01298,3294.1,NaN
GLDC,2731,86.914635,2731.1,NaN
B3GNT3,10331,89.47827,10331.1,NaN
TYMP,1890,89.241066,1890.1,NaN
NME3,4832,86.42449,4832.1,NaN
CA3,761,91.75601,761.1,NaN
GMDS,2762,85.63877,2762.1,NaN
UGCG,7357,87.68579,7357.1,NaN
AOC3,8639,93.24521,8639.1,NaN
CPS1,1373,85.57647,1373.1,NaN
ALDH3B2,222,92.99104,222.1,NaN
ALDH3B2,222,92.91391,222.1,NaN
MTAP,4507,86.627205,4507.1,NaN
GPD1,2819,85.891174,2819.1,NaN
HAGH,3029,86.5805,3029.1,NaN
GNE,10020,85.64326,10020.1,NaN
ASNS,440,84.46915,440.1,NaN
AUH,549,87.07061,549.1,NaN
IDUA,3425,84.88004,3425.1,NaN
IDUA,3425,84.90064,3425.1,NaN
ENPP1,5167,88.134254,5167.1,NaN
ENPP1,5167,87.59095,5167.1,NaN
SLC22A5,6584,90.57165,6584.1,NaN
PIGF,5281,86.554985,5281.1,NaN
PIGF,5281,86.73197,5281.1,NaN
AOX1,316,88.7558,316.1,NaN
AOX1,316,88.30177,316.1,NaN
ATP6V0A1,535,86.919815,535.1,NaN
SLC26A2,1836,88.090355,1836.1,NaN
GFPT2,9945,86.57077,9945.1,NaN
MAN2A1,4124,89.04577,4124.1,NaN
PLCE1,51196,86.18552,51196.1,NaN
PLCE1,51196,86.21087,51196.1,NaN
PLCD1,5333,86.34602,5333.1,NaN
PTGS1,5742,86.18776,5742.1,NaN
PTGS1,5742,86.298485,5742.1,NaN
UST,10090,87.01803,10090.1,NaN
UST,10090,87.48019,10090.1,NaN
FPGT,8790,87.9348,8790.1,NaN
SLC6A1,6529,84.75658,6529.1,NaN
GCAT,23464,90.219864,23464.1,NaN
KHK,3795,86.90526,3795.1,NaN
PSPH,5723,85.730576,5723.1,NaN
CA9,768,87.59409,768.1,NaN
PLD1,5337,86.55924,5337.1,NaN
ALDH1L1,10840,91.50501,10840.1,NaN
GALK2,2585,85.45565,2585.1,NaN
HGD,3081,86.69428,3081.1,NaN
EHHADH,1962,85.958405,1962.1,NaN
PAFAH2,5051,89.36735,5051.1,NaN
PAFAH2,5051,89.38103,5051.1,NaN
SOD3,6649,87.14745,6649.1,NaN
SLC13A3,64849,88.02403,64849.1,NaN
SLC13A3,64849,88.09182,64849.1,NaN
ACYP1,97,86.90791,97.1,NaN
GAD1,2571,87.09917,2571.1,NaN
PIGA,5277,85.18091,5277.1,NaN
CKMT2,1160,88.219666,1160.1,NaN
KMO,8564,85.247215,8564.1,NaN
KMO,8564,85.64547,8564.1,NaN
DDC,1644,85.70106,1644.1,NaN
SLC15A2,6565,85.934074,6565.1,NaN
SLC15A2,6565,85.94776,6565.1,NaN
DCT,1638,84.398346,1638.1,NaN
DCT,1638,84.09904,1638.1,NaN
ST3GAL2,6483,84.13914,6483.1,NaN
GAMT,2593,88.756386,2593.1,NaN
ACADSB,36,85.966034,36.1,NaN
BBOX1,8424,86.692665,8424.1,NaN
ACOX2,8309,88.683815,8309.1,NaN
DBT,1629,86.66431,1629.1,NaN
DBT,1629,86.88158,1629.1,NaN
DBT,1629,86.91497,1629.1,NaN
INPP4B,8821,88.22282,8821.1,NaN
ACHE,43,87.07152,43.1,NaN
ACHE,43,86.84077,43.1,NaN
AGPS,8540,85.76263,8540.1,NaN
HSD11B1,3290,89.952065,3290.1,NaN
ATP2B4,493,87.87793,493.1,NaN
ACAT1,38,87.149605,38.1,NaN
SLC22A3,6581,86.990715,6581.1,NaN
PIGB,9488,84.49808,9488.1,NaN
HS3ST1,9957,87.711494,9957.1,NaN
HS3ST1,9957,87.494484,9957.1,NaN
ATP6V1B1,525,88.88648,525.1,NaN
UGP2,7360,87.26654,7360.1,NaN
PDE10A,10846,86.383095,10846.1,NaN
CYP17A1,1586,96.952194,1586.1,NaN
GCNT1,2650,89.45612,2650.1,NaN
ETFDH,2110,85.41666,2110.1,NaN
GLS2,27165,88.47136,27165.1,NaN
CHST1,8534,89.23142,8534.1,NaN
AQP9,366,86.04238,366.1,NaN
PIP4K2A,5305,86.56343,5305.1,NaN
PYGM,5837,91.987946,5837.1,NaN
NOS3,4846,86.37665,4846.1,NaN
GGT5,2687,87.90401,2687.1,NaN
SLC4A1,6521,87.59409,6521.1,NaN
PDE9A,5152,87.373505,5152.1,NaN
ALDH3A1,218,87.14745,218.1,NaN
CDA,978,88.45145,978.1,NaN
PIP5K1B,8395,88.52148,8395.1,NaN
ALAS1,211,88.346664,211.1,NaN
ALDH3B1,221,91.511635,221.1,NaN
HAAO,23498,84.29933,23498.1,NaN
FLAD1,80308,87.14745,80308.1,NaN
GAL3ST1,9514,85.97323,9514.1,NaN
CYP27B1,1594,99.31679,1594.1,NaN
CD38,952,87.47954,952.1,NaN
TYRP1,7306,87.281456,7306.1,NaN
SDS,10993,92.84414,10993.1,NaN
ATP6V0A2,23545,84.77245,23545.1,NaN
ATP6V0A2,23545,84.917145,23545.1,NaN
CDS1,1040,87.11169,1040.1,NaN
ATP5C1,NaN,NaN,#VALUE!,True
PAH,5053,86.980606,5053.1,NaN
PGAM2,5224,91.49889,5224.1,NaN
CYP1A1,1543,97.042274,1543.1,NaN
ENTPD5,957,86.70461,957.1,NaN
SULT2B1,6820,89.48265,6820.1,NaN
CYP3A5,1577,99.40518,1577.1,NaN
SLC27A2,11001,87.2882,11001.1,NaN
SLC27A2,11001,87.12393,11001.1,NaN
GSR,2936,84.09155,2936.1,NaN
SLC3A1,6519,85.21749,6519.1,NaN
SLC3A1,6519,85.13076,6519.1,NaN
MAT1A,4143,87.67671,4143.1,NaN
HMGCS1,3157,86.550606,3157.1,NaN
HSD17B1,3292,87.48019,3292.1,NaN
CRAT,1384,89.82734,1384.1,NaN
VNN1,8876,93.698326,8876.1,NaN
UQCRB,7381,93.78451,7381.1,NaN
NME6,10201,83.8275,10201.1,NaN
SLC14A1,6563,91.399345,6563.1,NaN
SLC18A2,6571,85.804565,6571.1,NaN
PIGL,9487,88.76391,9487.1,NaN
ITPKA,3706,86.616005,3706.1,NaN
SLC22A4,6583,87.676216,6583.1,NaN
PNLIP,5406,91.503525,5406.1,NaN
SLC4A3,6508,86.554985,6508.1,NaN
SLC6A6,6533,86.9122,6533.1,NaN
SLC6A6,6533,86.91974,6533.1,NaN
VNN2,8875,96.28052,8875.1,NaN
PLCL1,5334,86.12331,5334.1,NaN
HK3,3101,89.02795,3101.1,NaN
CYP3A7,1551,101.35963,1551.1,NaN
TDO2,6999,83.850746,6999.1,NaN
CA1,759,92.389854,759.1,NaN
CA1,759,92.10613,759.1,NaN
AADAC,13,89.47919,13.1,NaN
SLC38A3,10991,89.01845,10991.1,NaN
AK2,204,86.05781,204.1,NaN
CYP3A4,1576,99.30118,1576.1,NaN
CYP3A4,1576,102.64613,1576.1,NaN
HPD,3242,88.90078,3242.1,NaN
ASPA,443,79.09516,443.1,NaN
CCBL1,NaN,NaN,#VALUE!,True
SLC6A12,6539,90.55649,6539.1,NaN
DPYS,1807,84.7055,1807.1,NaN
PLCH2,9651,88.58366,9651.1,NaN
SLC24A1,9187,87.79491,9187.1,NaN
CTH,1491,86.556725,1491.1,NaN
FUT1,2523,92.07732,2523.1,NaN
BHMT,635,91.51171,635.1,NaN
AMPD1,270,84.93026,270.1,NaN
ARSB,411,81.15061,411.1,NaN
PI4KB,5298,87.82516,5298.1,NaN
PI4KB,5298,88.09412,5298.1,NaN
SLC26A3,1811,87.472755,1811.1,NaN
RHAG,6005,85.473114,6005.1,NaN
RHAG,6005,85.503,6005.1,NaN
ARG1,383,87.91897,383.1,NaN
PLA2G5,5322,92.13638,5322.1,NaN
ENTPD3,956,84.81867,956.1,NaN
CLC,1178,99.3283,1178.1,NaN
CA4,762,85.78398,762.1,NaN
CA4,762,85.804565,762.1,NaN
PLA2G7,7941,86.73044,7941.1,NaN
PFKFB4,5210,90.89094,5210.1,NaN
ST8SIA5,29906,85.41931,29906.1,NaN
ADH1C,126,100.286804,126.1,NaN
SULT2A1,6822,98.45568,6822.1,NaN
SULT2A1,6822,97.532555,6822.1,NaN
HSD3B2,3284,95.81496,3284.1,NaN
TRDMT1,1787,86.01435,1787.1,NaN
PLA2G1B,5319,87.88018,5319.1,NaN
GUCY2C,2984,90.50155,2984.1,NaN
EXTL1,2134,87.10434,2134.1,NaN
LIPF,8513,98.35062,8513.1,NaN
GALNS,2588,84.74639,2588.1,NaN
IDS,3423,87.902054,3423.1,NaN
COX6A2,1339,98.45728,1339.1,NaN
SLCO1B3,28234,93.82086,28234.1,NaN
PIK3CG,5294,85.1698,5294.1,NaN
PIK3CG,5294,85.04416,5294.1,NaN
FOLR3,2352,94.61643,2352.1,NaN
PDE3A,5139,87.36357,5139.1,NaN
PDE3A,5139,87.19397,5139.1,NaN
DGKG,1608,88.0911,1608.1,NaN
SLC1A1,6505,85.97149,6505.1,NaN
HAS2,3037,85.4236,3037.1,NaN
B4GALNT1,2583,88.10664,2583.1,NaN
PDE1B,5153,87.38906,5153.1,NaN
DBH,1621,83.55794,1621.1,NaN
LTC4S,4056,88.19084,4056.1,NaN
CYP24A1,1591,98.44463,1591.1,NaN
UGT2B4,7363,99.312775,7363.1,NaN
CYP4F3,4051,101.47935,4051.1,NaN
MGAM,8972,93.752945,8972.1,NaN
ABAT,18,83.096275,18.1,NaN
SLC26A4,5172,88.555626,5172.1,NaN
SLC2A2,6514,88.306145,6514.1,NaN
CYP4F12,66002,96.95849,66002.1,NaN
SLC7A1,6541,88.64346,6541.1,NaN
SLC2A4,6517,85.294395,6517.1,NaN
LIPC,3990,87.999435,3990.1,NaN
RENBP,5973,89.444176,5973.1,NaN
PDE6A,5145,87.13764,5145.1,NaN
SLC5A1,6523,85.32527,6523.1,NaN
TYR,7299,87.79711,7299.1,NaN
HAL,3034,87.36357,3034.1,NaN
GLRX,2745,89.67578,2745.1,NaN
SI,6476,85.8317,6476.1,NaN
GAD1,2571,87.10434,2571.1,NaN
GAD1,2571,87.13764,2571.1,NaN
PNLIPRP1,5407,96.319496,5407.1,NaN
GPT,2875,86.419655,2875.1,NaN
ALOX15B,247,94.75748,247.1,NaN
MGAT5,4249,85.52506,4249.1,NaN
HPGDS,27306,86.43432,27306.1,NaN
PCYT1B,9468,86.73197,9468.1,NaN
RDH16,8608,93.80863,8608.1,NaN
CHST7,56548,87.67692,56548.1,NaN
PDE5A,8654,86.64016,8654.1,NaN
SLC35A3,23443,87.31782,23443.1,NaN
ASMT,438,85.23688,438.1,NaN
GAD2,2572,85.08687,2572.1,NaN
AQP8,343,88.134254,343.1,NaN
NDUFB1,4707,87.6981,4707.1,NaN
PDE4C,5143,87.413475,5143.1,NaN
PDE4C,5143,87.0397,5143.1,NaN
PNMT,5409,86.627205,5409.1,NaN
MTHFR,4524,86.55543,4524.1,NaN
DGKI,9162,84.56819,9162.1,NaN
ADCY8,114,85.28743,114.1,NaN
SLC4A10,57282,87.91035,57282.1,NaN
ACYP2,98,87.50673,98.1,NaN
SLC6A3,6531,85.78398,6531.1,NaN
PDE6H,5149,90.213356,5149.1,NaN
FBP2,8789,90.48789,8789.1,NaN
SLC17A1,6568,91.86096,6568.1,NaN
DAO,1610,88.11983,1610.1,NaN
SLC1A6,6511,92.35705,6511.1,NaN
BAAT,570,90.28071,570.1,NaN
TAT,6898,83.25486,6898.1,NaN
GUCY1A2,2977,87.30073,2977.1,NaN
CH25H,9023,88.720535,9023.1,NaN
H6PD,9563,86.81995,9563.1,NaN
SRD5A2,6716,86.2423,6716.1,NaN
LCT,3938,86.03371,3938.1,NaN
B3GALT5,10317,87.02418,10317.1,NaN
G6PC,2538,88.77826,2538.1,NaN
AGXT,189,85.56863,189.1,NaN
HSD17B3,3293,87.454315,3293.1,NaN
HS6ST1,9394,91.11259,9394.1,NaN
ALDH1A2,8854,85.26934,8854.1,NaN
ALDH1A2,8854,85.57517,8854.1,NaN
LDHC,3948,97.63478,3948.1,NaN
ATP2B3,492,88.9554,492.1,NaN
SLC6A9,6536,85.57127,6536.1,NaN
SLC6A11,6538,88.10147,6538.1,NaN
SLC17A4,10050,91.4876,10050.1,NaN
SLC8A1,6546,84.75972,6546.1,NaN
SLC4A8,9498,87.48706,9498.1,NaN
SLC16A7,9194,87.7762,9194.1,NaN
AOC2,314,88.66412,314.1,NaN
HDC,3067,85.62815,3067.1,NaN
ACO1,48,84.713104,48.1,NaN
SLC18A1,6570,86.1959,6570.1,NaN
ASS1,445,84.443436,445.1,NaN
PI4KA,5297,85.723625,5297.1,NaN
SLC25A11,8402,86.5306,8402.1,NaN
SLC10A2,6555,84.77929,6555.1,NaN
SLC17A2,10246,93.7723,10246.1,NaN
AKR1D1,6718,87.893616,6718.1,NaN
PIK3R2,5296,84.49251,5296.1,NaN
GAPDHS,26330,89.91863,26330.1,NaN
SULT1A2,6799,106.169685,6799.1,NaN
CA5B,11238,89.0233,11238.1,NaN
GGT1,2678,88.22827,2678.1,NaN
ATP4A,495,87.65091,495.1,NaN
ALPI,248,94.51635,248.1,NaN
SLC18A3,6572,88.52148,6572.1,NaN
SLC6A13,6540,89.917305,6540.1,NaN
SLC10A1,6554,88.68494,6554.1,NaN
OTC,5009,86.147446,5009.1,NaN
SLC22A1,6580,90.00911,6580.1,NaN
ALOX12,239,91.85607,239.1,NaN
SLC9A3,6550,87.44369,6550.1,NaN
PLA2G10,8399,92.10119,8399.1,NaN
AANAT,15,85.21752,15.1,NaN
CYP2A6,1548,106.19428,1548.1,NaN
UGT2B17,7367,106.26195,7367.1,NaN
SLC28A2,9153,91.66839,9153.1,NaN
ACSL1,2180,87.59095,2180.1,NaN
SLC17A3,10786,91.41184,10786.1,NaN
PDE1C,5137,85.47619,5137.1,NaN
SLCO1A2,6579,90.00827,6579.1,NaN
NOS1,4842,84.769646,4842.1,NaN
NOS1,4842,84.662125,4842.1,NaN
HAS1,3036,89.377464,3036.1,NaN
ALOX15,246,93.697,246.1,NaN
ATP5I,NaN,NaN,#VALUE!,True
UCP3,7352,89.741005,7352.1,NaN
SLC1A7,6512,89.23306,6512.1,NaN
GALNT10,55568,87.97877,55568.1,NaN
ENTPD2,954,87.49937,954.1,NaN
TREH,11181,87.094696,11181.1,NaN
ALOX12B,242,89.6848,242.1,NaN
CYP7B1,9420,96.39124,9420.1,NaN
GK,2710,91.41994,2710.1,NaN
PTGES,9536,87.97877,9536.1,NaN
PIP5K1A,8394,88.392265,8394.1,NaN
ALG3,10195,88.08966,10195.1,NaN
CYP7A1,1581,92.8787,1581.1,NaN
CYP4A11,1579,102.76667,1579.1,NaN
DDO,8528,88.54122,8528.1,NaN
CA5A,763,87.2933,763.1,NaN
SLC22A2,6582,90.31059,6582.1,NaN
DEGS1,8560,84.597664,8560.1,NaN
SLC35A2,7355,85.72999,7355.1,NaN
SLC35A2,7355,85.418396,7355.1,NaN
AHCYL1,10768,85.4645,10768.1,NaN
EHMT2,10919,86.55448,10919.1,NaN
MOGAT2,80168,88.49257,80168.1,NaN
CYP2D6,1565,101.4653,1565.1,NaN
CA7,766,85.01219,766.1,NaN
ATP5G3,NaN,NaN,#VALUE!,True
ATP5G3,NaN,NaN,#VALUE!,True
DGKE,8526,86.30661,8526.1,NaN
SLC6A4,6532,85.45961,6532.1,NaN
SLC7A11,23657,86.556725,23657.1,NaN
PFKFB1,5207,92.24603,5207.1,NaN
P4HA1,5033,85.714066,5033.1,NaN
ADH6,130,93.8297,130.1,NaN
ATP4B,496,86.374054,496.1,NaN
ATP5G2,NaN,NaN,#VALUE!,True
DGKZ,8525,87.44197,8525.1,NaN
SLC28A1,9154,91.987946,9154.1,NaN
DGKQ,1609,85.62629,1609.1,NaN
SLC13A2,9058,87.25842,9058.1,NaN
ATP5L,NaN,NaN,#VALUE!,True
SYNJ1,8867,85.64326,8867.1,NaN
SLC4A7,9497,87.19397,9497.1,NaN
SLC4A7,9497,87.76608,9497.1,NaN
CYP1A2,1544,95.7213,1544.1,NaN
CYP1A2,1544,98.32529,1544.1,NaN
PEMT,10400,84.669266,10400.1,NaN
SLC7A2,6542,87.9069,6542.1,NaN
ACOX1,51,84.959595,51.1,NaN
ENTPD1,953,85.206,953.1,NaN
FUT9,10690,86.477104,10690.1,NaN
SLC5A2,6524,88.34022,6524.1,NaN
CYP3A43,64816,101.471924,64816.1,NaN
LALBA,3906,92.555626,3906.1,NaN
ABCB4,5244,90.54778,5244.1,NaN
ADH1A,124,98.48405,124.1,NaN
HLCS,3141,89.40477,3141.1,NaN
PKLR,5313,87.59409,5313.1,NaN
GUCY2D,3000,88.22188,3000.1,NaN
SARDH,1757,86.26764,1757.1,NaN
CYP2F1,1572,97.017456,1572.1,NaN
PFKFB2,5208,88.56048,5208.1,NaN
AMPD3,272,84.35526,272.1,NaN
SLC9A2,6549,87.45218,6549.1,NaN
GUCY2F,2986,87.48706,2986.1,NaN
MGAT3,4248,85.59441,4248.1,NaN
DGKD,8527,84.343636,8527.1,NaN
MAN1A1,4121,85.01219,4121.1,NaN
CYP2C18,1562,101.515114,1562.1,NaN
TBXAS1,6916,83.96422,6916.1,NaN
PTGIS,5740,87.0954,5740.1,NaN
CYP2C8,1558,102.66859,1558.1,NaN
ABCC3,8714,86.210815,8714.1,NaN
CHIT1,1118,91.44707,1118.1,NaN
SLC34A1,6569,89.241066,6569.1,NaN
TGDS,23483,86.31102,23483.1,NaN
CHST3,9469,87.84599,9469.1,NaN
GGT1,2678,88.66907,2678.1,NaN
ABCB11,8647,86.024994,8647.1,NaN
TH,7054,84.075516,7054.1,NaN
GPI,2821,85.65186,2821.1,NaN
OCRL,4952,84.74639,4952.1,NaN
XYLB,9942,82.767784,9942.1,NaN
XYLB,9942,82.79023,9942.1,NaN
ST3GAL1,6482,89.71662,6482.1,NaN
CYP2A13,1553,102.791115,1553.1,NaN
NDST4,64579,89.741005,64579.1,NaN
SLC12A3,6559,86.31102,6559.1,NaN
INPP4A,3631,85.87749,3631.1,NaN
INPP4A,3631,85.80143,3631.1,NaN
CYP3A4,1576,98.45728,1576.1,NaN
GCDH,2639,87.21721,2639.1,NaN
SGPL1,8879,85.94776,8879.1,NaN
PCK1,5105,85.018036,5105.1,NaN
SLC1A2,6506,86.298485,6506.1,NaN
PDE1A,5136,86.5958,5136.1,NaN
SLC14A2,8170,90.869064,8170.1,NaN
PRPS1,5631,88.359566,5631.1,NaN
SLC6A7,6534,87.66176,6534.1,NaN
PDE3B,5140,83.60223,5140.1,NaN
HADHA,3030,86.87598,3030.1,NaN
HADHA,3030,87.62119,3030.1,NaN
HADHA,3030,87.09917,3030.1,NaN
FDFT1,2222,85.659134,2222.1,NaN
CS,1431,87.18332,1431.1,NaN
DDOST,1650,85.88875,1650.1,NaN
DDOST,1650,86.05774,1650.1,NaN
ATP6V1E1,529,87.875275,529.1,NaN
PRDX1,5052,86.64016,5052.1,NaN
RPN2,6185,85.056885,6185.1,NaN
TKT,7086,81.236946,7086.1,NaN
TKT,7086,81.5736,7086.1,NaN
NDUFV1,4723,87.64202,4723.1,NaN
ATP6V1G1,9550,85.723625,9550.1,NaN
ATP5L,NaN,NaN,#VALUE!,True
ATP5L,NaN,NaN,#VALUE!,True
ATIC,471,85.88792,471.1,NaN
ATP5G2,NaN,NaN,#VALUE!,True
LTA4H,4048,86.17059,4048.1,NaN
GOT1,2805,83.58465,2805.1,NaN
COMT,1312,86.556725,1312.1,NaN
COMT,1312,86.08225,1312.1,NaN
ATP1B3,483,86.51814,483.1,NaN
ADH5,128,92.193054,128.1,NaN
ADH5,128,91.83979,128.1,NaN
ATP5C1,NaN,NaN,#VALUE!,True
IDI1,3422,87.413475,3422.1,NaN
ATP6V1D,51382,87.67671,51382.1,NaN
ATP6V1D,51382,87.05906,51382.1,NaN
UQCRFS1,7386,95.173645,7386.1,NaN
PDHB,5162,84.04699,5162.1,NaN
SLC1A5,6510,87.149605,6510.1,NaN
NADK,65220,86.41173,65220.1,NaN
NADK,65220,86.43617,65220.1,NaN
NADK,65220,86.43432,65220.1,NaN
NEU1,4758,85.33943,4758.1,NaN
SEPHS1,22929,85.23833,22929.1,NaN
SEPHS1,22929,85.36654,22929.1,NaN
SEPHS1,22929,85.27699,22929.1,NaN
ALDH7A1,501,84.56894,501.1,NaN
ALDH7A1,501,84.04311,501.1,NaN
DUT,1854,84.496956,1854.1,NaN
DUT,1854,84.49256,1854.1,NaN
FADS1,3992,90.1986,3992.1,NaN
FADS1,3992,89.91684,3992.1,NaN
FADS1,3992,90.217354,3992.1,NaN
AK2,204,86.05781,204.1,NaN
NDUFA9,4704,86.34066,4704.1,NaN
UROD,7389,86.30661,7389.1,NaN
UROD,7389,86.439865,7389.1,NaN
ATP5G1,NaN,NaN,#VALUE!,True
UCP2,7351,86.692665,7351.1,NaN
UCP2,7351,86.8957,7351.1,NaN
SLC25A11,8402,87.264366,8402.1,NaN
ESD,2098,86.22264,2098.1,NaN
MDH2,4191,85.83167,4191.1,NaN
PAPSS1,9061,85.82268,9061.1,NaN
UQCRB,7381,94.24423,7381.1,NaN
UQCRB,7381,93.783585,7381.1,NaN
DLD,1738,84.11686,1738.1,NaN
QDPR,5860,85.13586,5860.1,NaN
PPAP2A,NaN,NaN,#VALUE!,True
NT5C2,22978,85.27699,22978.1,NaN
MAN2B1,4125,88.19084,4125.1,NaN
ITPA,3704,85.62629,3704.1,NaN
ADCY6,112,86.02286,112.1,NaN
EXTL3,2137,87.90992,2137.1,NaN
CBR1,873,94.23788,873.1,NaN
SQLE,6713,85.85118,6713.1,NaN
NDUFA2,4695,86.52645,4695.1,NaN
TUSC3,7991,89.28417,7991.1,NaN
TUSC3,7991,89.02448,7991.1,NaN
SLC23A2,9962,86.47072,9962.1,NaN
SLC23A2,9962,86.17925,9962.1,NaN
DEGS1,8560,84.597664,8560.1,NaN
GLRX,2745,89.952065,2745.1,NaN
NSDHL,50814,84.99241,50814.1,NaN
ATP2B1,490,88.34074,490.1,NaN
CA2,760,91.42713,760.1,NaN
NDUFS4,4724,83.120415,4724.1,NaN
ADCY3,109,86.886986,109.1,NaN
ADCY3,109,87.60682,109.1,NaN
SLC35A2,7355,85.418396,7355.1,NaN
UAP1,6675,88.55831,6675.1,NaN
PI4K2A,55361,87.49649,55361.1,NaN
PI4K2A,55361,87.34336,55361.1,NaN
PPAP2B,NaN,NaN,#VALUE!,True
ABCC5,10057,85.78315,10057.1,NaN
PROSC,NaN,NaN,#VALUE!,True
PROSC,NaN,NaN,#VALUE!,True
DPM2,8818,85.91404,8818.1,NaN
ENPP2,5168,87.66922,5168.1,NaN
ME2,4200,84.570435,4200.1,NaN
HLCS,3141,89.41491,3141.1,NaN
SLC12A4,6560,86.477104,6560.1,NaN
SLC12A4,6560,87.08769,6560.1,NaN
SLC12A4,6560,87.11305,6560.1,NaN
B4GALT2,8704,87.22871,8704.1,NaN
AMACR,23600,84.176285,23600.1,NaN
PPAT,5471,86.58787,5471.1,NaN
PPAT,5471,86.91137,5471.1,NaN
PRPS1,5631,88.12492,5631.1,NaN
SLC9A1,6548,89.4065,6548.1,NaN
ABAT,18,82.98292,18.1,NaN
ABAT,18,83.096275,18.1,NaN
ENTPD1,953,85.206,953.1,NaN
ENTPD1,953,85.49686,953.1,NaN
AMPD3,272,84.337776,272.1,NaN
ATP5I,NaN,NaN,#VALUE!,True
DPAGT1,1798,89.36753,1798.1,NaN
CRAT,1384,89.208244,1384.1,NaN
PPAP2C,NaN,NaN,#VALUE!,True
GSTZ1,2954,83.974045,2954.1,NaN
EXTL2,2135,85.128334,2135.1,NaN
DGUOK,1716,87.48706,1716.1,NaN
PCYT2,5833,84.86857,5833.1,NaN
ACOX1,51,84.959595,51.1,NaN
ACOX1,51,85.20312,51.1,NaN
TST,7263,86.919815,7263.1,NaN
ACAT2,39,88.501076,39.1,NaN
SLC1A4,6509,85.14328,6509.1,NaN
SLC1A4,6509,85.294395,6509.1,NaN
ADH1B,125,99.38331,125.1,NaN
ADH1B,125,106.22264,125.1,NaN
ADH1B,125,104.29776,125.1,NaN
MCCC2,64087,83.34481,64087.1,NaN
MCCC2,64087,83.031136,64087.1,NaN
PIGH,5283,88.191025,5283.1,NaN
ABCC3,8714,86.210815,8714.1,NaN
PLD2,5338,89.670395,5338.1,NaN
ALDH1B1,219,92.882484,219.1,NaN
ALDH1B1,219,93.142975,219.1,NaN
CES2,8824,95.58702,8824.1,NaN
CES2,8824,96.29045,8824.1,NaN
SLC19A2,10560,87.48043,10560.1,NaN
PTS,5805,84.31977,5805.1,NaN
FBP1,2203,89.12869,2203.1,NaN
PIGK,10026,85.351036,10026.1,NaN
MOXD1,26002,87.805244,26002.1,NaN
SLC35D1,23169,87.00943,23169.1,NaN
SLC35D1,23169,86.81995,23169.1,NaN
SLC35D1,23169,87.02817,23169.1,NaN
PNPLA4,8228,86.91137,8228.1,NaN
PNPLA4,8228,87.09674,8228.1,NaN
COQ7,10229,85.10184,10229.1,NaN
COQ7,10229,84.89749,10229.1,NaN
NMNAT2,23057,86.732864,23057.1,NaN
MGAT3,4248,85.8173,4248.1,NaN
PRDX3,10935,87.207054,10935.1,NaN
RRM2,6241,86.88158,6241.1,NaN
SLC19A1,6573,85.548805,6573.1,NaN
SLC19A1,6573,85.43939,6573.1,NaN
SLC19A1,6573,84.959595,6573.1,NaN
UCK2,7371,89.41203,7371.1,NaN
CHST3,9469,87.889824,9469.1,NaN
SPHK2,56848,90.098236,56848.1,NaN
SLC35A3,23443,87.2933,23443.1,NaN
SLC4A7,9497,87.97574,9497.1,NaN
SLC16A1,6566,88.08966,6566.1,NaN
SLC25A16,8034,83.950516,8034.1,NaN
GGT1,2678,88.22827,2678.1,NaN
SLC7A11,23657,86.3836,23657.1,NaN
DUT,1854,84.49256,1854.1,NaN
CYP2E1,1571,95.70954,1571.1,NaN
CYP2E1,1571,95.18016,1571.1,NaN
SHMT1,6470,82.71602,6470.1,NaN
PFKFB2,5208,88.306145,5208.1,NaN
PIGO,84720,87.07061,84720.1,NaN
GART,2618,86.739494,2618.1,NaN
GPD2,2820,86.32652,2820.1,NaN
SLC25A1,6576,87.26056,6576.1,NaN
IDH3B,3420,81.75005,3420.1,NaN
IDO1,3620,90.833435,3620.1,NaN
NOS2,4843,84.95746,4843.1,NaN
SLC12A5,57468,86.39855,57468.1,NaN
PGM3,5238,85.33313,5238.1,NaN
IDH2,3418,83.00878,3418.1,NaN
IDH2,3418,83.44383,3418.1,NaN
TPI1,7167,86.26582,7167.1,NaN
PDE6G,5148,88.54122,5148.1,NaN
SARDH,1757,86.30661,1757.1,NaN
ST8SIA1,6489,84.51246,6489.1,NaN
RDH5,5959,86.51826,5959.1,NaN
TM7SF2,7108,87.28518,7108.1,NaN
SDHC,6391,80.47617,6391.1,NaN
DCTD,1635,87.326675,1635.1,NaN
PLA2G4A,5321,86.22264,5321.1,NaN
ATP5H,NaN,NaN,#VALUE!,True
ME2,4200,84.570435,4200.1,NaN
ME2,4200,84.46795,4200.1,NaN
PAFAH1B2,5049,86.05781,5049.1,NaN
ATP8A1,10396,86.73157,10396.1,NaN
B3GALT4,8705,90.00777,8705.1,NaN
B4GALT3,8703,88.88523,8703.1,NaN
ADSL,158,87.88018,158.1,NaN
PIP5K1A,8394,88.456985,8394.1,NaN
SLC4A7,9497,87.57581,9497.1,NaN
XDH,7498,84.517815,7498.1,NaN
PDE6B,5158,86.048874,5158.1,NaN
AGXT,189,85.56863,189.1,NaN
AGXT,189,85.72628,189.1,NaN
GNMT,27232,84.48849,27232.1,NaN
ACHE,43,87.81456,43.1,NaN
ACLY,47,85.16157,47.1,NaN
TPO,7173,89.31075,7173.1,NaN
SLC6A2,6530,84.34543,6530.1,NaN
SLCO1B1,10599,95.18016,10599.1,NaN
PTGES,9536,88.20222,9536.1,NaN
PLCB2,5330,85.45565,5330.1,NaN
PI4KB,5298,87.71916,5298.1,NaN
IDH3B,3420,81.6947,3420.1,NaN
SLC24A1,9187,87.79491,9187.1,NaN
SLC24A1,9187,87.387276,9187.1,NaN
ALPPL2,NaN,NaN,#VALUE!,True
GLUD2,2747,102.72139,2747.1,NaN
PKLR,5313,87.59409,5313.1,NaN
CYP4F2,8529,104.27802,8529.1,NaN
ATP5L,NaN,NaN,#VALUE!,True
PCYT1B,9468,87.09763,9468.1,NaN
ADH7,131,96.985634,131.1,NaN
SLCO3A1,28232,85.78629,28232.1,NaN
ALDH3A2,224,89.82142,224.1,NaN
ASMT,438,85.51758,438.1,NaN
AKR1C4,1109,104.22378,1109.1,NaN
CYP4F8,11283,98.52578,11283.1,NaN
SAT1,6303,86.14366,6303.1,NaN
SYNJ2,8871,88.14241,8871.1,NaN
MOGS,7841,88.09182,7841.1,NaN
PLA2G6,8398,85.19758,8398.1,NaN
BCKDHB,594,85.694725,594.1,NaN
KYNU,8942,83.83106,8942.1,NaN
KYNU,8942,83.97976,8942.1,NaN
IDS,3423,87.72898,3423.1,NaN
AGPAT2,10555,88.31326,10555.1,NaN
SLC25A16,8034,84.13914,8034.1,NaN
CPT1A,1374,86.616005,1374.1,NaN
CPT1A,1374,86.46401,1374.1,NaN
PTGIS,5740,87.47894,5740.1,NaN
LDHAL6B,92483,97.09339,92483.1,NaN
PNLIPRP1,5407,95.72745,5407.1,NaN
CYP3A4,1576,102.64613,1576.1,NaN
CA12,771,86.69611,771.1,NaN
SLC4A4,8671,86.94034,8671.1,NaN
SLC4A4,8671,86.784546,8671.1,NaN
TXNRD2,10587,84.73913,10587.1,NaN
SLC8A1,6546,84.75972,6546.1,NaN
SLC16A7,9194,87.87869,9194.1,NaN
SLC6A5,9152,84.59421,9152.1,NaN
COQ7,10229,84.75163,10229.1,NaN
PDE4D,5144,86.344284,5144.1,NaN
PDE4D,5144,86.539314,5144.1,NaN
ENPP2,5168,87.90401,5168.1,NaN
AASS,10157,85.89627,10157.1,NaN
SLC6A8,6535,87.97574,6535.1,NaN
SARDH,1757,86.12331,1757.1,NaN
SLC1A7,6512,89.74125,6512.1,NaN
ST3GAL6,10402,85.17905,10402.1,NaN
PPAP2A,NaN,NaN,#VALUE!,True
FDFT1,2222,86.20183,2222.1,NaN
SRD5A1,6715,85.21749,6715.1,NaN
GYG2,8908,89.74426,8908.1,NaN
GYG2,8908,90.03631,8908.1,NaN
PFKM,5213,90.5806,5213.1,NaN
ASAH1,427,84.656204,427.1,NaN
ASAH1,427,84.6309,427.1,NaN
ALDH3B1,221,91.8658,221.1,NaN
LSS,4047,83.68011,4047.1,NaN
LSS,4047,83.13262,4047.1,NaN
GCNT2,2651,91.848724,2651.1,NaN
PDHB,5162,84.30415,5162.1,NaN
COX5B,1329,95.16923,1329.1,NaN
MGLL,11343,86.64149,11343.1,NaN
KHK,3795,87.092445,3795.1,NaN
SLC6A6,6533,87.128784,6533.1,NaN
EXTL3,2137,86.84455,2137.1,NaN
SRD5A1,6715,85.16923,6715.1,NaN
GPAA1,8733,87.394424,8733.1,NaN
MGAT2,4247,87.39222,4247.1,NaN
PFKL,5211,87.883125,5211.1,NaN
FOLR1,2348,92.881584,2348.1,NaN
PDE6C,5146,84.947136,5146.1,NaN
SLC12A4,6560,87.08769,6560.1,NaN
SLC9A2,6549,87.79711,6549.1,NaN
SLC5A5,6528,91.7351,6528.1,NaN
KMO,8564,84.84185,8564.1,NaN
DLAT,1737,84.235985,1737.1,NaN
SCD,6319,86.80976,6319.1,NaN
GCK,2645,85.503,2645.1,NaN
PDE10A,10846,86.383095,10846.1,NaN
PDE10A,10846,86.1278,10846.1,NaN
TXNRD2,10587,84.918755,10587.1,NaN
DBT,1629,86.66052,1629.1,NaN
ME1,4199,83.93092,4199.1,NaN
PIP5K1A,8394,88.54122,8394.1,NaN
ABCB11,8647,86.03333,8647.1,NaN
PIK3CD,5293,85.45961,5293.1,NaN
CYP4A11,1579,102.7615,1579.1,NaN
RHAG,6005,85.459435,6005.1,NaN
GAD2,2572,84.667816,2572.1,NaN
DGKA,1606,89.81103,1606.1,NaN
GYG1,2992,89.44725,2992.1,NaN
CYP2A6,1548,106.12578,1548.1,NaN
PDE4B,5142,88.899445,5142.1,NaN
SARDH,1757,86.267456,1757.1,NaN
ALDOB,229,89.15475,229.1,NaN
MTAP,4507,86.64779,4507.1,NaN
MTAP,4507,86.442894,4507.1,NaN
B3GALNT1,8706,89.253296,8706.1,NaN
SULT1A2,6799,106.169685,6799.1,NaN
NDUFB7,4713,88.02025,4713.1,NaN
GLS,2744,84.02097,2744.1,NaN
GGT1,2678,88.22827,2678.1,NaN
SC5DL,NaN,NaN,#VALUE!,True
CYP3A43,64816,104.338936,64816.1,NaN
CYP3A43,64816,106.26285,64816.1,NaN
CYP3A43,64816,102.791115,64816.1,NaN
PDE4A,5141,88.73988,5141.1,NaN
SLCO1A2,6579,90.00911,6579.1,NaN
SLCO1A2,6579,90.01664,6579.1,NaN
SLC4A4,8671,86.75179,8671.1,NaN
MTMR3,8897,84.1778,8897.1,NaN
PAFAH1B1,5048,85.62815,5048.1,NaN
ALDH4A1,8659,85.692894,8659.1,NaN
GUCY1B3,NaN,NaN,#VALUE!,True
SLCO2B1,11309,85.3385,11309.1,NaN
ALAS2,212,86.79625,212.1,NaN
HADH,3033,86.72992,3033.1,NaN
SLC23A2,9962,86.17581,9962.1,NaN
SLC19A1,6573,85.06067,6573.1,NaN
PIK3R3,8503,89.14929,8503.1,NaN
ATP2B2,491,87.30681,491.1,NaN
PDE4A,5141,88.05584,5141.1,NaN
GPD2,2820,86.21754,2820.1,NaN
ALPI,248,95.040695,248.1,NaN
GSS,2937,86.3912,2937.1,NaN
B4GALT1,2683,86.31102,2683.1,NaN
PRDX2,7001,88.30565,7001.1,NaN
PTGDS,5730,88.66591,5730.1,NaN
UGT2B28,54490,104.31517,54490.1,NaN
SCD,6319,87.16963,6319.1,NaN
PTEN,5728,87.280556,5728.1,NaN
BDH1,622,87.711494,622.1,NaN
BLVRA,644,85.23833,644.1,NaN
HNMT,3176,85.64326,3176.1,NaN
SCP2,6342,86.46356,6342.1,NaN
PTGDS,5730,88.93421,5730.1,NaN
NDUFS7,374291,87.10434,374291.1,NaN
ATP5F1,NaN,NaN,#VALUE!,True
PNLIPRP2,5408,29.928204,5408.1,NaN
IDS,3423,87.902054,3423.1,NaN
SLC8A1,6546,84.36984,6546.1,NaN
GALC,2581,85.012,2581.1,NaN
B3GALNT1,8706,89.28417,8706.1,NaN
PDE4C,5143,87.59409,5143.1,NaN
PDE4D,5144,86.64686,5144.1,NaN
SLC24A1,9187,87.79491,9187.1,NaN
SLC25A14,9016,86.291336,9016.1,NaN
PTGIS,5740,87.47894,5740.1,NaN
PDE4A,5141,88.73988,5141.1,NaN
CAT,847,85.37749,847.1,NaN
PLCB1,23236,85.64547,23236.1,NaN
ATP6V0D1,9114,88.43796,9114.1,NaN
SLC25A6,293,92.12739,293.1,NaN
MGAT5,4249,85.52506,4249.1,NaN
ATP2B4,493,87.47432,493.1,NaN
ATP2B4,493,87.28538,493.1,NaN
AK2,204,85.85251,204.1,NaN
AK2,204,86.158035,204.1,NaN
AK2,204,86.21754,204.1,NaN
AK2,204,85.91594,204.1,NaN
ACACA,31,85.473114,31.1,NaN
PTGDS,5730,89.14929,5730.1,NaN
FASN,2194,85.803635,2194.1,NaN
IDS,3423,87.902054,3423.1,NaN
IDS,3423,87.3139,3423.1,NaN
ALDH1A1,216,86.51652,216.1,NaN
PPAP2B,NaN,NaN,#VALUE!,True
PPAP2B,NaN,NaN,#VALUE!,True
PIK3R1,5295,86.21087,5295.1,NaN
PIK3R1,5295,85.80143,5295.1,NaN
PIK3R1,5295,85.95795,5295.1,NaN
GALNT10,55568,87.0397,55568.1,NaN
SLC7A1,6541,88.42366,6541.1,NaN
SLC7A1,6541,88.90708,6541.1,NaN
SLC7A1,6541,88.64346,6541.1,NaN
SGPL1,8879,86.26764,8879.1,NaN
SGPL1,8879,85.796936,8879.1,NaN
GNS,2799,84.64845,2799.1,NaN
GNS,2799,84.60072,2799.1,NaN
AMPD2,271,87.47914,271.1,NaN
GART,2618,86.739494,2618.1,NaN
GART,2618,86.5805,2618.1,NaN
ATP6V0A1,535,86.55825,535.1,NaN
IP6K1,9807,85.53626,9807.1,NaN
SUCLG2,8801,87.08023,8801.1,NaN
PIP5K1C,23396,86.555824,23396.1,NaN
PDE8A,5151,86.739494,5151.1,NaN
PDE8A,5151,86.75664,5151.1,NaN
FLAD1,80308,87.12487,80308.1,NaN
DLAT,1737,84.235985,1737.1,NaN
GAPDH,2597,87.37708,2597.1,NaN
UQCRC2,7385,100.388596,7385.1,NaN
PIK3CB,5291,87.91897,5291.1,NaN
PCCB,5096,84.43336,5096.1,NaN
NME4,4833,87.44197,4833.1,NaN
MAOA,4128,90.31796,4128.1,NaN
SLC1A4,6509,85.17905,6509.1,NaN
SLC1A4,6509,85.16157,6509.1,NaN
AHCYL2,23382,91.008415,23382.1,NaN
CBS,875,86.75664,875.1,NaN
SLC25A6,293,92.12739,293.1,NaN
SYNJ2,8871,88.14427,8871.1,NaN
PIP4K2A,5305,86.56343,5305.1,NaN
CDS2,8760,87.09809,8760.1,NaN
CDS2,8760,87.07278,8760.1,NaN
ATP2B1,490,89.12743,490.1,NaN
SLC5A3,6526,86.24324,6526.1,NaN
SLC9A8,23315,84.77929,23315.1,NaN
RPIA,22934,81.969475,22934.1,NaN
SGMS1,259230,87.02418,259230.1,NaN
SYNJ1,8867,85.557846,8867.1,NaN
TPI1,7167,86.40343,7167.1,NaN
ATP5D,NaN,NaN,#VALUE!,True
PIK3C2A,5286,84.235985,5286.1,NaN
ITPKC,80271,87.67305,80271.1,NaN
SLC35D2,11046,85.4914,11046.1,NaN
SLC35D2,11046,85.16163,11046.1,NaN
ATP8A1,10396,86.90526,10396.1,NaN
PIKFYVE,200576,84.7012,200576.1,NaN
SLC36A1,206358,91.21319,206358.1,NaN
MCAT,27349,86.477104,27349.1,NaN
DLAT,1737,84.37145,1737.1,NaN
ADCY2,108,85.092094,108.1,NaN
ADCY2,108,85.36654,108.1,NaN
PLCB1,23236,85.42156,23236.1,NaN
PDE8B,8622,88.64024,8622.1,NaN
ADCY1,107,89.46698,107.1,NaN
PFAS,5198,86.88158,5198.1,NaN
BCKDHB,594,86.298485,594.1,NaN
MDH2,4191,85.83167,4191.1,NaN
ST3GAL6,10402,85.156456,10402.1,NaN
ST3GAL6,10402,85.18091,10402.1,NaN
ATP5C1,NaN,NaN,#VALUE!,True
HIBCH,26275,86.72452,26275.1,NaN
COQ2,27235,86.64686,27235.1,NaN
PLCB3,5331,92.44662,5331.1,NaN
RPN2,6185,84.81867,6185.1,NaN
TUSC3,7991,88.80897,7991.1,NaN
GAPDH,2597,87.37708,2597.1,NaN
PGAP1,80055,84.95746,80055.1,NaN
RPN2,6185,85.24183,6185.1,NaN
ACOX1,51,85.43939,51.1,NaN
CES2,8824,95.76245,8824.1,NaN
SLC16A3,9123,87.274025,9123.1,NaN
HSD17B8,7923,86.907,7923.1,NaN
GLCE,26035,85.20199,26035.1,NaN
RWDD2A,112611,88.23001,112611.1,NaN
SQLE,6713,85.782715,6713.1,NaN
LDHB,3945,87.24821,3945.1,NaN
SQLE,6713,85.683235,6713.1,NaN
ALDH7A1,501,84.04311,501.1,NaN
NADK,65220,86.248344,65220.1,NaN
NADK,65220,86.39855,65220.1,NaN
GUK1,2987,86.64149,2987.1,NaN
DHODH,1723,84.680275,1723.1,NaN
DHODH,1723,84.91336,1723.1,NaN
INPP5B,3633,85.26934,3633.1,NaN
INPP5J,27124,86.88158,27124.1,NaN
SLC1A1,6505,86.21087,6505.1,NaN
ASAH1,427,84.73787,427.1,NaN
GPD1,2819,85.891174,2819.1,NaN
IDUA,3425,84.64845,3425.1,NaN
XYLT1,64131,87.08023,64131.1,NaN
COX5B,1329,95.173645,1329.1,NaN
COX5B,1329,95.16923,1329.1,NaN
ATP5A1,NaN,NaN,#VALUE!,True
COX4I1,1327,95.70776,1327.1,NaN
EBP,10682,86.344284,10682.1,NaN
EBP,10682,86.03371,10682.1,NaN
INPP5B,3633,84.984406,3633.1,NaN
IDS,3423,87.693214,3423.1,NaN
SLC6A8,6535,87.97574,6535.1,NaN
COX7C,1350,93.79124,1350.1,NaN
APRT,353,86.21452,353.1,NaN
ASAH1,427,84.26687,427.1,NaN
ALOX5,240,84.61042,240.1,NaN
COMT,1312,86.39111,1312.1,NaN
SAT1,6303,85.75258,6303.1,NaN
HS3ST1,9957,87.3139,9957.1,NaN
FUT9,10690,86.6634,10690.1,NaN
NPR2,4882,85.17905,4882.1,NaN
CA5B,11238,89.23346,11238.1,NaN
FUT3,2525,97.534706,2525.1,NaN
GPX3,2878,85.48509,2878.1,NaN
SHMT2,6472,85.72853,6472.1,NaN
SHMT2,6472,85.849434,6472.1,NaN
GMDS,2762,85.78629,2762.1,NaN
BTD,686,86.14254,686.1,NaN
BTD,686,86.13813,686.1,NaN
ATP5C1,NaN,NaN,#VALUE!,True
SLC25A16,8034,84.05076,8034.1,NaN
ATP6V0E1,8992,87.710304,8992.1,NaN
ATP6V0E1,8992,87.881386,8992.1,NaN
PLCE1,51196,86.18552,51196.1,NaN
CA12,771,87.20066,771.1,NaN
HS6ST1,9394,91.093834,9394.1,NaN
SDHB,6390,81.95983,6390.1,NaN
FH,2271,86.73138,2271.1,NaN
MAN1C1,57134,87.18101,57134.1,NaN
TKTL1,8277,91.537346,8277.1,NaN
SETDB1,9869,87.769295,9869.1,NaN
PRODH,5625,99.32828,5625.1,NaN
CYP3A5,1577,99.41348,1577.1,NaN
CYP3A5,1577,100.40794,1577.1,NaN
NDUFB8,4714,87.41187,4714.1,NaN
MAN1A2,10905,85.05576,10905.1,NaN
ATP6V0E1,8992,87.48706,8992.1,NaN
ATP10A,57194,84.1183,57194.1,NaN
ATP10A,57194,84.30698,57194.1,NaN
AKR7A2,8574,95.83206,8574.1,NaN
ADH6,130,93.79641,130.1,NaN
ACAA1,30,86.02741,30.1,NaN
HGD,3081,86.88374,3081.1,NaN
HGD,3081,86.990715,3081.1,NaN
IDH3G,3421,83.79826,3421.1,NaN
DDC,1644,86.0096,1644.1,NaN
ACACA,31,85.473114,31.1,NaN
ALOX5,240,84.61042,240.1,NaN
SLC5A12,159963,87.88088,159963.1,NaN
BCAT1,586,86.439865,586.1,NaN
TAT,6898,82.735504,6898.1,NaN
CYP2C9,1559,100.38257,1559.1,NaN
CYP2C9,1559,102.76667,1559.1,NaN
CYP2C9,1559,102.79996,1559.1,NaN
ALDOB,229,89.83637,229.1,NaN
ALDOB,229,89.396164,229.1,NaN
GLA,2717,84.98571,2717.1,NaN
GMPS,8833,85.45565,8833.1,NaN
ATP1A3,478,91.848724,478.1,NaN
SHMT2,6472,86.18776,6472.1,NaN
BCAT1,586,86.13813,586.1,NaN
ABO,28,91.83418,28.1,NaN
PDHA2,5161,94.69179,5161.1,NaN
PROSC,NaN,NaN,#VALUE!,True
ADCY10,55811,89.23262,55811.1,NaN
PDE3B,5140,83.60223,5140.1,NaN
ACACB,32,86.05774,32.1,NaN
TPH1,7166,86.87636,7166.1,NaN
CYP11B1,1584,102.66727,1584.1,NaN
GYS2,2998,86.09897,2998.1,NaN
CYP21A2,1589,96.96395,1589.1,NaN
EPX,8288,86.53389,8288.1,NaN
CYP11B2,1585,102.77401,1585.1,NaN
PAICS,10606,88.392265,10606.1,NaN
IREB2,3658,86.5306,3658.1,NaN
GK,2710,91.12411,2710.1,NaN
ALDOA,226,91.18031,226.1,NaN
PLCH1,23007,88.54122,23007.1,NaN
UAP1L1,91373,87.478195,91373.1,NaN
ATP6V1G2,534,93.382805,534.1,NaN
XYLB,9942,82.70701,9942.1,NaN
SLC25A4,291,88.41229,291.1,NaN
AASS,10157,85.57473,10157.1,NaN
SUCLG2,8801,87.06938,8801.1,NaN
SLC9A7,84679,86.34736,84679.1,NaN
GRHPR,9380,86.29627,9380.1,NaN
DOT1L,84444,87.286674,84444.1,NaN
ATP6V1D,51382,87.67671,51382.1,NaN
ST6GAL1,6480,85.13593,6480.1,NaN
ST6GAL1,6480,84.61042,6480.1,NaN
ABCC3,8714,86.55448,8714.1,NaN
EXT1,2131,88.11636,2131.1,NaN
PIGO,84720,85.86352,84720.1,NaN
PIGO,84720,85.97876,84720.1,NaN
GLUL,2752,86.782684,2752.1,NaN
SC5DL,NaN,NaN,#VALUE!,True
PRDX2,7001,88.30565,7001.1,NaN
SOD2,6648,85.23871,6648.1,NaN
SDHC,6391,80.5578,6391.1,NaN
NSDHL,50814,84.87109,50814.1,NaN
ESD,2098,85.88792,2098.1,NaN
ESD,2098,86.05021,2098.1,NaN
CYP2C18,1562,104.329216,1562.1,NaN
PIK3C2G,5288,86.82173,5288.1,NaN
PI4K2A,55361,87.26056,55361.1,NaN
HEXA,3073,87.02817,3073.1,NaN
NADK,65220,86.43432,65220.1,NaN
UMPS,7372,87.854866,7372.1,NaN
DLST,1743,86.383095,1743.1,NaN
SOD2,6648,85.23871,6648.1,NaN
ACP1,52,86.052635,52.1,NaN
PIGC,5279,86.15807,5279.1,NaN
SLC8A2,6543,87.66176,6543.1,NaN
SLC12A3,6559,86.31102,6559.1,NaN
SULT1A1,6817,100.270256,6817.1,NaN
GSTM1,2944,97.0625,2944.1,NaN
ADCY1,107,89.23142,107.1,NaN
ADCY1,107,89.70254,107.1,NaN
PIK3C3,5289,86.045,5289.1,NaN
ADCY9,115,85.70322,115.1,NaN
GK2,2712,92.83723,2712.1,NaN
ACSM1,116285,93.382805,116285.1,NaN
PRPS1L1,221823,95.802444,221823.1,NaN
AGPAT1,10554,89.16202,10554.1,NaN
CAT,847,84.626785,847.1,NaN
MVK,4598,82.9129,4598.1,NaN
SDHD,6392,85.18945,6392.1,NaN
BCAT2,587,90.16996,587.1,NaN
SLC26A3,1811,86.87465,1811.1,NaN
HSD3B1,3283,97.67914,3283.1,NaN
PDE4B,5142,88.65393,5142.1,NaN
AHCYL2,23382,91.99538,23382.1,NaN
PLCB1,23236,85.64547,23236.1,NaN
GPAA1,8733,87.44369,8733.1,NaN
GYG2,8908,89.74426,8908.1,NaN
ST3GAL4,6484,86.26769,6484.1,NaN
SLC6A2,6530,84.199776,6530.1,NaN
ATP2B1,490,88.34074,490.1,NaN
PLD1,5337,86.55924,5337.1,NaN
PLD1,5337,85.18725,5337.1,NaN
SUCLG2,8801,87.28374,8801.1,NaN
SUCLG2,8801,87.05743,8801.1,NaN
ALPL,249,87.02908,249.1,NaN
GLUD2,2747,102.57138,2747.1,NaN
ALDH1L1,10840,91.188675,10840.1,NaN
DUOX1,53905,90.02894,53905.1,NaN
CYP2D6,1565,101.4653,1565.1,NaN
PTGS1,5742,86.01091,5742.1,NaN
NDUFA5,4698,86.045,4698.1,NaN
CA12,771,87.06938,771.1,NaN
PLA2G5,5322,91.804886,5322.1,NaN
NAGLU,4669,86.419655,4669.1,NaN
ATP2B3,492,88.52639,492.1,NaN
PLA2G6,8398,85.01219,8398.1,NaN
GK3P,2713,36.37447,2713.1,NaN
GK,2710,91.41994,2710.1,NaN
GK,2710,91.39118,2710.1,NaN
SLC7A1,6541,88.66591,6541.1,NaN
FUT3,2525,97.005104,2525.1,NaN
CYP2C9,1559,100.38257,1559.1,NaN
CYP2C19,1557,100.31768,1557.1,NaN
AGA,175,88.54122,175.1,NaN
ABCA1,19,88.3557,19.1,NaN
ST3GAL5,8869,85.75525,8869.1,NaN
SLC7A8,23428,86.34602,23428.1,NaN
ATP2B2,491,86.6634,491.1,NaN
SYNJ2,8871,88.14241,8871.1,NaN
SYNJ2,8871,87.91545,8871.1,NaN
SYNJ2,8871,88.32194,8871.1,NaN
FUT9,10690,86.64465,10690.1,NaN
SPTLC2,9517,86.732864,9517.1,NaN
SPTLC2,9517,86.764015,9517.1,NaN
SEC11A,23478,87.18332,23478.1,NaN
DGKB,1607,86.256004,1607.1,NaN
GRHPR,9380,86.73948,9380.1,NaN
ATP2B3,492,88.9554,492.1,NaN
FH,2271,86.55152,2271.1,NaN
TKTL1,8277,91.233734,8277.1,NaN
ALPPL2,NaN,NaN,#VALUE!,True
LCAT,3931,85.27457,3931.1,NaN
SLC28A2,9153,91.66839,9153.1,NaN
DCT,1638,84.59947,1638.1,NaN
DCT,1638,84.398346,1638.1,NaN
PROSC,NaN,NaN,#VALUE!,True
PCCA,5095,85.418396,5095.1,NaN
PLCG1,5335,83.21251,5335.1,NaN
SDHC,6391,80.32717,6391.1,NaN
PIGC,5279,86.29312,5279.1,NaN
AKR1C1,1645,100.2631,1645.1,NaN
ALDOB,229,89.41491,229.1,NaN
SLC7A8,23428,86.51814,23428.1,NaN
SLC7A8,23428,86.90905,23428.1,NaN
CYP51A1,1595,96.28355,1595.1,NaN
SLC6A2,6530,84.34543,6530.1,NaN
SLC6A2,6530,83.98226,6530.1,NaN
B4GALT1,2683,86.43968,2683.1,NaN
PLCH1,23007,88.68872,23007.1,NaN
PLCH1,23007,88.54122,23007.1,NaN
GAD2,2572,85.06156,2572.1,NaN
CYP2C9,1559,104.257195,1559.1,NaN
MTAP,4507,86.31753,4507.1,NaN
PRODH2,58510,88.456985,58510.1,NaN
ADA,100,84.26687,100.1,NaN
ABO,28,92.562164,28.1,NaN
GATM,2628,87.67692,2628.1,NaN
SOD2,6648,85.23871,6648.1,NaN
PDE1C,5137,85.758705,5137.1,NaN
PDE6D,5147,85.155525,5147.1,NaN
ABO,28,92.94495,28.1,NaN
IVD,3712,85.208435,3712.1,NaN
GART,2618,86.739494,2618.1,NaN
FASN,2194,85.8529,2194.1,NaN
PGK2,5232,95.76245,5232.1,NaN
RDH11,51109,89.76903,51109.1,NaN
MTHFR,4524,86.550606,4524.1,NaN
MTHFR,4524,86.55543,4524.1,NaN
AMACR,23600,83.80784,23600.1,NaN
AMACR,23600,83.70387,23600.1,NaN
CTH,1491,86.556725,1491.1,NaN
MTAP,4507,86.15807,4507.1,NaN
GK,2710,91.076385,2710.1,NaN
GLUL,2752,86.7652,2752.1,NaN
SLC6A2,6530,84.19161,6530.1,NaN
SLC6A2,6530,84.34543,6530.1,NaN
ALDOB,229,89.1412,229.1,NaN
SLC7A8,23428,86.706696,23428.1,NaN
MAN1A2,10905,85.17211,10905.1,NaN
SLC37A4,2542,88.55831,2542.1,NaN
ENO1,2023,83.96321,2023.1,NaN
SHMT1,6470,82.89938,6470.1,NaN
ADCY10,55811,90.01001,55811.1,NaN
ACO2,50,86.6084,50.1,NaN
PNLIPRP2,5408,29.830727,5408.1,NaN
FDPS,2224,86.70461,2224.1,NaN
PGK1,5230,85.59052,5230.1,NaN
PGK1,5230,85.5954,5230.1,NaN
KYNU,8942,84.507416,8942.1,NaN
GAPDH,2597,87.37708,2597.1,NaN
IDS,3423,87.72898,3423.1,NaN
GART,2618,86.415634,2618.1,NaN
CYP2D6,1565,102.758224,1565.1,NaN
PIP5K1B,8395,88.52413,8395.1,NaN
COX7C,1350,93.79124,1350.1,NaN
TYMP,1890,88.783585,1890.1,NaN
SLC34A1,6569,89.241066,6569.1,NaN
CYP2C9,1559,102.79996,1559.1,NaN
CPS1,1373,85.72974,1373.1,NaN
PAH,5053,86.64016,5053.1,NaN
ATP6V0A2,23545,84.992165,23545.1,NaN
PIK3CB,5291,87.91897,5291.1,NaN
SLC6A2,6530,84.34543,6530.1,NaN
ST3GAL2,6483,84.089226,6483.1,NaN
SLC7A11,23657,86.04938,23657.1,NaN
TYMS,7298,86.49876,7298.1,NaN
SLC16A3,9123,87.26654,9123.1,NaN
ADCY2,108,85.155525,108.1,NaN
ADCY2,108,85.13593,108.1,NaN
SLC16A3,9123,87.274025,9123.1,NaN
PIGT,51604,86.616005,51604.1,NaN
NDUFA4,4697,87.49058,4697.1,NaN
RDH11,51109,89.74426,51109.1,NaN
RDH11,51109,89.76903,51109.1,NaN
GALNT2,2590,85.09077,2590.1,NaN
GALNT2,2590,85.218094,2590.1,NaN
ALDH18A1,5832,83.21207,5832.1,NaN
ATP5E,NaN,NaN,#VALUE!,True
PPA1,5464,85.28743,5464.1,NaN
NDUFA10,4705,85.57036,4705.1,NaN
CMPK1,51727,85.17905,51727.1,NaN
SUCLG1,8802,83.13381,8802.1,NaN
CYBRD1,79901,94.66078,79901.1,NaN
MAN1A2,10905,85.03652,10905.1,NaN
MAN1A2,10905,85.15842,10905.1,NaN
MAN1A2,10905,85.17211,10905.1,NaN
SPCS1,28972,86.56343,28972.1,NaN
DCXR,51181,88.01472,51181.1,NaN
GMPR2,51292,91.12411,51292.1,NaN
MAT2B,27430,86.46401,27430.1,NaN
PDXK,8566,86.55378,8566.1,NaN
PDXK,8566,87.05743,8566.1,NaN
SLC38A2,54407,85.57647,54407.1,NaN
SLC12A7,10723,90.049995,10723.1,NaN
GMPPA,29926,87.4631,29926.1,NaN
PTGES2,80142,86.23494,80142.1,NaN
AGPAT5,55326,84.56933,55326.1,NaN
NDUFC2,4718,95.760704,4718.1,NaN
CMAS,55907,90.269424,55907.1,NaN
HMOX2,3163,89.27797,3163.1,NaN
HMOX2,3163,88.953575,3163.1,NaN
NDUFA8,4702,85.344894,4702.1,NaN
NANS,54187,84.987236,54187.1,NaN
IP6K2,51447,86.01091,51447.1,NaN
NDUFB2,4708,85.583176,4708.1,NaN
NDUFB2,4708,85.92964,4708.1,NaN
ALG5,29880,86.17742,29880.1,NaN
NDUFB4,4710,86.37929,4710.1,NaN
NAGK,55577,85.72999,55577.1,NaN
SLC38A1,81539,88.08648,81539.1,NaN
SLC25A10,1468,86.34602,1468.1,NaN
GALNT7,51809,84.74639,51809.1,NaN
ACSL5,51703,87.82518,51703.1,NaN
PPCS,79717,87.69453,79717.1,NaN
NUDT9,53343,85.15842,53343.1,NaN
PGLS,25796,86.45337,25796.1,NaN
PGLS,25796,86.14254,25796.1,NaN
CERK,64781,85.01685,64781.1,NaN
PANK3,79646,89.48265,79646.1,NaN
AACS,65985,86.17925,65985.1,NaN
MCCC1,56922,86.04962,56922.1,NaN
ALG12,79087,86.189896,79087.1,NaN
DNMT3A,1788,88.57914,1788.1,NaN
SLC35C1,55343,85.31546,55343.1,NaN
ALAD,210,87.4631,210.1,NaN
ALAD,210,87.49649,210.1,NaN
PNPO,55163,86.56335,55163.1,NaN
THTPA,79178,89.31075,79178.1,NaN
ECHDC2,55268,83.924225,55268.1,NaN
NDUFA3,4696,88.30565,4696.1,NaN
NUDT2,318,86.98078,318.1,NaN
SUV39H1,6839,89.378716,6839.1,NaN
MAN1B1,11253,87.2933,11253.1,NaN
PIGG,54872,85.93729,54872.1,NaN
SLC25A15,10166,89.28417,10166.1,NaN
SLC25A22,79751,86.48817,79751.1,NaN
COQ6,51004,83.76263,51004.1,NaN
PANK4,55229,85.97149,55229.1,NaN
TMLHE,55217,85.37749,55217.1,NaN
PANK2,80025,88.95194,80025.1,NaN
SPCS3,60559,86.60654,60559.1,NaN
NADSYN1,55191,85.74552,55191.1,NaN
ASRGL1,80150,83.971344,80150.1,NaN
MLYCD,23417,85.24183,23417.1,NaN
CSGALNACT2,55454,85.67575,55454.1,NaN
GALNT12,79695,86.990715,79695.1,NaN
MAN1C1,57134,87.38906,57134.1,NaN
CHST12,55501,86.14904,55501.1,NaN
PIP4K2C,79837,86.72502,79837.1,NaN
PYCRL,NaN,NaN,#VALUE!,True
SLC2A8,29988,86.383,29988.1,NaN
GALNT11,63917,83.21394,63917.1,NaN
ETNK1,55500,84.23311,55500.1,NaN
PIGN,23556,84.40855,23556.1,NaN
CSGALNACT1,55790,85.85251,55790.1,NaN
PPCDC,60490,84.517815,60490.1,NaN
CTPS2,56474,88.75881,56474.1,NaN
AMDHD2,51005,86.784546,51005.1,NaN
SLC24A3,57419,88.29048,57419.1,NaN
C9orf95,NaN,NaN,#VALUE!,True
LIPG,9388,86.616005,9388.1,NaN
RBKS,64080,85.8529,64080.1,NaN
SLCO3A1,28232,85.61444,28232.1,NaN
PIGV,55650,85.62815,55650.1,NaN
SUV39H2,79723,89.93653,79723.1,NaN
ETNK2,55224,88.52709,55224.1,NaN
GALNT14,79623,85.26762,79623.1,NaN
AK5,26289,84.7012,26289.1,NaN
B3GNT2,10678,86.69921,10678.1,NaN
EHMT1,79813,86.10908,79813.1,NaN
SLC29A3,55315,84.23311,55315.1,NaN
ATHL1,NaN,NaN,#VALUE!,True
DPM3,54344,85.820175,54344.1,NaN
CEPT1,10390,86.75179,10390.1,NaN
BPNT1,10380,85.13076,10380.1,NaN
PGS1,9489,83.8981,9489.1,NaN
XYLT2,64132,86.31102,64132.1,NaN
C1GALT1,56913,87.478195,56913.1,NaN
CA14,23632,85.69434,23632.1,NaN
A4GALT,53947,90.79239,53947.1,NaN
GCNT3,9245,87.893616,9245.1,NaN
B3GAT1,27087,88.42598,27087.1,NaN
ELOVL4,6785,87.0253,6785.1,NaN
NME7,29922,84.47679,29922.1,NaN
DUOX1,53905,90.30088,53905.1,NaN
COL4A3BP,NaN,NaN,#VALUE!,True
CHST11,50515,85.5831,50515.1,NaN
ALG6,29929,84.10091,29929.1,NaN
UXS1,80146,84.55303,80146.1,NaN
AGPAT4,56895,86.256004,56895.1,NaN
SMPD3,55512,87.47259,55512.1,NaN
HS3ST2,9956,86.90905,9956.1,NaN
NT5M,56953,86.213066,56953.1,NaN
AGPAT3,56894,85.53626,56894.1,NaN
DUOX2,50506,89.14298,50506.1,NaN
SLC27A5,10998,96.328804,10998.1,NaN
AGMAT,79814,84.137695,79814.1,NaN
SLC6A14,11254,88.44971,11254.1,NaN
MGAT4A,11320,88.41229,11320.1,NaN
THNSL1,79896,83.53476,79896.1,NaN
SCLY,51540,88.71882,51540.1,NaN
SLC13A4,26266,86.48976,26266.1,NaN
UCP3,7352,89.741005,7352.1,NaN
AICDA,57379,84.56523,57379.1,NaN
BHMT2,23743,92.10928,23743.1,NaN
CYP2C8,1558,102.64613,1558.1,NaN
SLCO4A1,28231,84.05592,28231.1,NaN
ENPP3,5169,86.58906,5169.1,NaN
SLC16A10,117247,85.28952,117247.1,NaN
GMPPB,29925,84.24748,29925.1,NaN
GLRX2,51022,85.43114,51022.1,NaN
SULT1E1,6783,95.7948,6783.1,NaN
GBA3,57733,29.413147,57733.1,NaN
GALNT6,11226,89.74051,11226.1,NaN
OLAH,55301,86.39855,55301.1,NaN
HS3ST3A1,9955,91.80527,9955.1,NaN
ACAD10,80724,89.769966,80724.1,NaN
SLC2A9,56606,88.95194,56606.1,NaN
MAN2A2,4122,85.056885,4122.1,NaN
CYP2C9,1559,102.79996,1559.1,NaN
PIGZ,80235,88.31326,80235.1,NaN
HSD17B7,51478,86.72452,51478.1,NaN
BCMO1,NaN,NaN,#VALUE!,True
SLC2A6,11182,84.959595,11182.1,NaN
SLC7A9,11136,85.79826,11136.1,NaN
MGAT4B,11282,86.17808,11282.1,NaN
ATP6V0A4,50617,87.766266,50617.1,NaN
SETD8,NaN,NaN,#VALUE!,True
HAO1,54363,85.837204,54363.1,NaN
OXCT2,64064,96.294014,64064.1,NaN
SLC12A1,6557,87.883125,6557.1,NaN
LRAT,9227,88.090355,9227.1,NaN
CYP46A1,10858,97.05764,10858.1,NaN
PDE7B,27115,84.11686,27115.1,NaN
ENGASE,64772,86.739494,64772.1,NaN
LGSN,51557,86.10279,51557.1,NaN
PLA2G2D,26279,90.01671,26279.1,NaN
NDST3,9348,90.36747,9348.1,NaN
CYP39A1,51302,97.03572,51302.1,NaN
LGALS13,29124,102.66727,29124.1,NaN
CHST4,10164,90.03723,10164.1,NaN
SLC16A8,23539,90.17299,23539.1,NaN
SLCO1C1,53919,89.49109,53919.1,NaN
SLC25A21,89874,86.0911,89874.1,NaN
SLC28A3,64078,88.52148,64078.1,NaN
SLC13A1,6561,84.40005,6561.1,NaN
SLC13A1,6561,84.17334,6561.1,NaN
GUCY1B2,2974,32.697403,2974.1,NaN
UPB1,51733,85.03553,51733.1,NaN
RHBG,57127,28.34028,57127.1,NaN
VNN3,55350,96.311356,55350.1,NaN
SLC17A6,57084,85.86844,57084.1,NaN
ATP1B4,23439,84.16838,23439.1,NaN
PIK3R5,23533,87.532104,23533.1,NaN
PGAP1,80055,84.96831,80055.1,NaN
HKDC1,80201,88.322914,80201.1,NaN
FTCD,10841,87.01163,10841.1,NaN
CHIA,27159,92.91429,27159.1,NaN
SLC9A5,6553,85.225525,6553.1,NaN
DNMT3B,1789,85.4508,1789.1,NaN
RDH8,50700,87.72898,50700.1,NaN
SLC5A7,60482,86.213776,60482.1,NaN
SLC26A1,10861,86.91137,10861.1,NaN
SLC19A3,80704,92.91429,80704.1,NaN
SLC12A6,9990,88.62022,9990.1,NaN
PPA2,27068,81.798874,27068.1,NaN
UEVLD,55293,88.307884,55293.1,NaN
PLA2G3,50487,87.81456,50487.1,NaN
SLC38A4,55089,86.38276,55089.1,NaN
HAO2,51179,86.05021,51179.1,NaN
GCNT4,51301,88.875114,51301.1,NaN
NDUFA13,51079,87.87701,51079.1,NaN
SLC24A2,25769,88.43796,25769.1,NaN
SLC7A10,56301,89.232124,56301.1,NaN
PSAT1,29968,84.63693,29968.1,NaN
SLC38A2,54407,85.57557,54407.1,NaN
GALNT8,26290,90.29344,26290.1,NaN
MANSC1,54682,85.94776,54682.1,NaN
ATP1A1,476,87.08023,476.1,NaN
ST6GALNAC5,81849,85.30779,81849.1,NaN
PTDSS2,81490,85.36656,81490.1,NaN
AGXT2L1,NaN,NaN,#VALUE!,True
SLC2A10,81031,84.99233,81031.1,NaN
PLA2G12A,81579,87.24647,81579.1,NaN
SLC17A5,26503,86.01264,26503.1,NaN
HS3ST3B1,9953,95.772675,9953.1,NaN
PDE11A,50940,87.66705,50940.1,NaN
A4GNT,51146,87.79042,51146.1,NaN
CSAD,51380,89.36735,51380.1,NaN
CHST5,23563,104.309044,23563.1,NaN
CHAT,1103,87.44197,1103.1,NaN
TPK1,27010,85.018036,27010.1,NaN
COQ3,51805,85.77278,51805.1,NaN
B3GNT4,79369,87.06089,79369.1,NaN
SLC2A11,66035,89.65768,66035.1,NaN
SGPP1,81537,85.46265,81537.1,NaN
NEU2,4759,88.31458,4759.1,NaN
UCP1,7350,88.23001,7350.1,NaN
PLA2G2E,30814,93.67285,30814.1,NaN
PLA2G2F,64600,92.38081,64600.1,NaN
G6PC2,57818,87.09917,57818.1,NaN
SOD2,6648,85.3843,6648.1,NaN
B4GALT5,9334,86.82489,9334.1,NaN
B4GALT5,9334,86.81995,9334.1,NaN
ATP6V1H,51606,84.63693,51606.1,NaN
GLS,2744,83.76445,2744.1,NaN
SOAT1,6646,84.98277,6646.1,NaN
SLC26A6,65010,84.13608,65010.1,NaN
SCLY,51540,88.71882,51540.1,NaN
ALDH6A1,4329,83.12136,4329.1,NaN
ALDH6A1,4329,83.40487,4329.1,NaN
PIPOX,51268,84.78683,51268.1,NaN
ACAD8,27034,84.18291,27034.1,NaN
CHPT1,56994,86.4498,56994.1,NaN
PIGP,51227,89.65136,51227.1,NaN
SLC4A5,57835,87.25842,57835.1,NaN
CANT1,124583,85.99995,124583.1,NaN
HMGCS1,3157,86.210815,3157.1,NaN
PANK3,79646,89.49101,79646.1,NaN
G6PC3,92579,87.857,92579.1,NaN
MAN1A1,4121,84.91224,4121.1,NaN
ADSS,NaN,NaN,#VALUE!,True
UGCG,7357,87.4787,7357.1,NaN
RPE,6120,82.99581,6120.1,NaN
PGM3,5238,85.19039,5238.1,NaN
CHPF2,54480,87.373505,54480.1,NaN
DOLPP1,57171,87.84466,57171.1,NaN
SPCS3,60559,86.58906,60559.1,NaN
H6PD,9563,86.6634,9563.1,NaN
TXNRD3,114112,88.05584,114112.1,NaN
ACACB,32,86.05774,32.1,NaN
GUCY1A3,NaN,NaN,#VALUE!,True
OPLAH,26873,86.48325,26873.1,NaN
CDS1,1040,87.129974,1040.1,NaN
UROD,7389,86.439865,7389.1,NaN
PKLR,5313,87.573494,5313.1,NaN
CYP2E1,1571,94.64517,1571.1,NaN
DDO,8528,88.28177,8528.1,NaN
PTEN,5728,86.73157,5728.1,NaN
B4GALT7,11285,87.40255,11285.1,NaN
RDH14,57665,88.22188,57665.1,NaN
SLC27A3,11000,88.66458,11000.1,NaN
CSGALNACT2,55454,85.67575,55454.1,NaN
ISYNA1,51477,84.838684,51477.1,NaN
ETNK1,55500,84.23311,55500.1,NaN
HK2,3099,86.35625,3099.1,NaN
PDE3B,5140,82.81215,5140.1,NaN
KDSR,2531,83.987686,2531.1,NaN
MLL3,NaN,NaN,#VALUE!,True
MLL3,NaN,NaN,#VALUE!,True
MLL3,NaN,NaN,#VALUE!,True
ALDH18A1,5832,82.805115,5832.1,NaN
CMPK1,51727,85.14328,51727.1,NaN
CYBRD1,79901,94.16611,79901.1,NaN
PDXK,8566,86.55378,8566.1,NaN
NDUFC2,4718,95.760704,4718.1,NaN
ALG5,29880,86.17754,29880.1,NaN
ST6GALNAC6,30815,87.711494,30815.1,NaN
GALNT7,51809,84.669266,51809.1,NaN
ACSL5,51703,87.573494,51703.1,NaN
DNMT3A,1788,89.26159,1788.1,NaN
SLC35C1,55343,85.4508,55343.1,NaN
PNPO,55163,86.556725,55163.1,NaN
SLC25A15,10166,88.78962,10166.1,NaN
GMPPB,29925,84.26831,29925.1,NaN
TMLHE,55217,84.76518,55217.1,NaN
SPCS3,60559,86.24324,60559.1,NaN
ASRGL1,80150,83.94588,80150.1,NaN
GALNT12,79695,86.87465,79695.1,NaN
CHST12,55501,86.14904,55501.1,NaN
HSD3B7,80270,88.95502,80270.1,NaN
CTPS2,56474,88.69931,56474.1,NaN
NUDT5,11164,84.57195,11164.1,NaN
AK5,26289,84.70029,26289.1,NaN
B3GNT2,10678,86.34602,10678.1,NaN
EHMT1,79813,86.52645,79813.1,NaN
AGMAT,79814,84.137695,79814.1,NaN
THNSL1,79896,83.866554,79896.1,NaN
ENPP3,5169,86.583954,5169.1,NaN
SLC16A10,117247,85.32715,117247.1,NaN
SULT1E1,6783,95.245804,6783.1,NaN
GBA3,57733,29.412842,57733.1,NaN
OLAH,55301,86.39855,55301.1,NaN
NEU4,129807,88.11153,129807.1,NaN
SLC5A7,60482,86.21452,60482.1,NaN
NDUFA2,4695,86.62594,4695.1,NaN
SLC38A2,54407,85.57647,54407.1,NaN
NDUFB9,4715,87.512764,4715.1,NaN
PSAT1,29968,84.63693,29968.1,NaN
GLS,2744,83.76445,2744.1,NaN
GLS,2744,83.440506,2744.1,NaN
NUDT5,11164,85.012,11164.1,NaN
NDUFB10,4716,84.96831,4716.1,NaN
FUCA2,2519,83.49391,2519.1,NaN
UCK1,83549,85.36656,83549.1,NaN
UCK1,83549,85.62581,83549.1,NaN
PIGS,94005,86.55825,94005.1,NaN
IP6K2,51447,86.01091,51447.1,NaN
AGPAT3,56894,85.714066,56894.1,NaN
AGPAT3,56894,85.70322,56894.1,NaN
AGPAT3,56894,85.965096,56894.1,NaN
SLC25A19,60386,86.374054,60386.1,NaN
NDUFA12,55967,85.30269,55967.1,NaN
NT5C3,NaN,NaN,#VALUE!,True
SEC11C,90701,86.73157,90701.1,NaN
ALG1,56052,88.46077,56052.1,NaN
PDE7A,5150,90.00827,5150.1,NaN
PDE7A,5150,89.48348,5150.1,NaN
PLA2G12A,81579,86.72992,81579.1,NaN
B3GALNT1,8706,89.04382,8706.1,NaN
SGPP1,81537,85.48509,81537.1,NaN
SLC17A5,26503,86.706696,26503.1,NaN
COL4A3BP,NaN,NaN,#VALUE!,True
COL4A3BP,NaN,NaN,#VALUE!,True
PIGM,93183,83.355,93183.1,NaN
HAGHL,84264,86.189896,84264.1,NaN
COQ3,51805,85.81618,51805.1,NaN
HAS3,3038,85.0257,3038.1,NaN
AADAT,51166,84.64845,51166.1,NaN
SLC12A6,9990,88.80949,9990.1,NaN
SLC25A18,83733,86.96057,83733.1,NaN
HCST,10870,94.13189,10870.1,NaN
TPK1,27010,84.620255,27010.1,NaN
NMNAT1,64802,87.805244,64802.1,NaN
CNDP1,84735,89.4458,84735.1,NaN
FTCD,10841,86.69611,10841.1,NaN
SLC23A1,9963,87.16963,9963.1,NaN
PGM2,55276,89.12054,55276.1,NaN
ADH4,127,95.20866,127.1,NaN
CHST6,4166,94.77025,4166.1,NaN
TKTL2,84076,90.28509,84076.1,NaN
SCD,6319,86.820404,6319.1,NaN
INPP4B,8821,88.22282,8821.1,NaN
CHST5,23563,104.309044,23563.1,NaN
CRLS1,54675,86.38449,54675.1,NaN
FTCD,10841,86.70461,10841.1,NaN
GALNT2,2590,85.090645,2590.1,NaN
UPB1,51733,85.14817,51733.1,NaN
UPB1,51733,85.01294,51733.1,NaN
PDE7A,5150,89.01593,5150.1,NaN
SLC4A9,83697,88.49086,83697.1,NaN
INMT,11185,92.85789,11185.1,NaN
AK3,50808,85.72974,50808.1,NaN
B3GNT2,10678,86.72452,10678.1,NaN
ACAD9,28976,85.837204,28976.1,NaN
SLC25A2,83884,102.75385,83884.1,NaN
MIOX,55586,88.23441,55586.1,NaN
GDA,9615,83.83235,9615.1,NaN
PDE11A,50940,87.66705,50940.1,NaN
PDE11A,50940,87.49649,50940.1,NaN
AGPAT3,56894,85.27252,56894.1,NaN
FTCD,10841,86.51652,10841.1,NaN
FTCD,10841,86.715454,10841.1,NaN
DGAT2,84649,86.55448,84649.1,NaN
COX6A1,1337,94.67232,1337.1,NaN
ETNK1,55500,84.52373,55500.1,NaN
ETNK1,55500,84.56933,55500.1,NaN
AICDA,57379,84.430695,57379.1,NaN
PLCD4,84812,86.367096,84812.1,NaN
SLC38A1,81539,88.090355,81539.1,NaN
SLC38A1,81539,88.08475,81539.1,NaN
MGAT4B,11282,86.1959,11282.1,NaN
AK3,50808,85.5831,50808.1,NaN
SLC35B2,347734,87.70949,347734.1,NaN
AGPAT6,NaN,NaN,#VALUE!,True
PAFAH1B2,5049,85.77147,5049.1,NaN
HIBADH,11112,83.99129,11112.1,NaN
GPT2,84706,87.64242,84706.1,NaN
PYCR2,29920,91.75695,29920.1,NaN
ACSS1,84532,86.62594,84532.1,NaN
SETD7,80854,84.08489,80854.1,NaN
SHMT1,6470,82.60084,6470.1,NaN
SLC26A2,1836,88.08475,1836.1,NaN
SLC26A2,1836,87.87793,1836.1,NaN
UGCG,7357,87.68579,7357.1,NaN
ST3GAL1,6482,89.71662,6482.1,NaN
ST3GAL1,6482,89.670395,6482.1,NaN
RPE,6120,83.03452,6120.1,NaN
RPE,6120,83.04353,6120.1,NaN
PCYT1A,5130,85.70106,5130.1,NaN
SETD8,NaN,NaN,#VALUE!,True
SPTLC2,9517,86.5805,9517.1,NaN
MGLL,11343,86.64149,11343.1,NaN
AGPS,8540,85.76263,8540.1,NaN
AGPS,8540,85.72974,8540.1,NaN
AGPS,8540,85.730576,8540.1,NaN
SETD8,NaN,NaN,#VALUE!,True
HS6ST1,9394,91.331375,9394.1,NaN
SAT2,112483,89.74944,112483.1,NaN
BCAT1,586,86.13813,586.1,NaN
ETNK1,55500,84.62874,55500.1,NaN
NDUFA11,126328,87.573494,126328.1,NaN
IVD,3712,84.84864,3712.1,NaN
CRLS1,54675,86.239784,54675.1,NaN
PTEN,5728,86.73157,5728.1,NaN
PGM2,55276,88.92519,55276.1,NaN
PGM2,55276,89.176414,55276.1,NaN
GPAM,57678,86.374054,57678.1,NaN
GPAM,57678,86.24742,57678.1,NaN
AGPAT3,56894,85.53626,56894.1,NaN
GPD2,2820,86.3912,2820.1,NaN
RDH13,112724,87.999435,112724.1,NaN
EHMT1,79813,85.692894,79813.1,NaN
RDH13,112724,87.803505,112724.1,NaN
SLC1A2,6506,85.72853,6506.1,NaN
SLC7A2,6542,87.9069,6542.1,NaN
MTHFD1L,25902,86.64149,25902.1,NaN
MTHFD1L,25902,86.14904,25902.1,NaN
TMEM54,113452,86.85516,113452.1,NaN
UXS1,80146,84.66965,80146.1,NaN
GSR,2936,84.09155,2936.1,NaN
B3GNT5,84002,89.131004,84002.1,NaN
ALG2,85365,87.00626,85365.1,NaN
B3GALT6,126792,88.21472,126792.1,NaN
SLC27A4,10999,84.99976,10999.1,NaN
SLC12A2,6558,89.82142,6558.1,NaN
GNPNAT1,64841,86.17059,64841.1,NaN
SLC25A26,115286,86.41079,115286.1,NaN
SLC35B4,84912,87.08023,84912.1,NaN
SLC35B4,84912,87.25842,84912.1,NaN
IREB2,3658,87.07061,3658.1,NaN
PIGU,128869,87.64242,128869.1,NaN
ST3GAL3,6487,83.684166,6487.1,NaN
RDH10,157506,87.17975,157506.1,NaN
ACADSB,36,86.29312,36.1,NaN
MGAT4A,11320,88.67941,11320.1,NaN
DGAT2,84649,86.72502,84649.1,NaN
FUK,NaN,NaN,#VALUE!,True
PIK3C2A,5286,84.78673,5286.1,NaN
C1GALT1,56913,86.907,56913.1,NaN
C1GALT1,56913,86.73157,56913.1,NaN
H6PD,9563,86.81995,9563.1,NaN
CDS1,1040,87.11169,1040.1,NaN
CDS1,1040,86.93204,1040.1,NaN
DOT1L,84444,87.2933,84444.1,NaN
NDUFV3,4731,87.98567,4731.1,NaN
MCEE,84693,87.883125,84693.1,NaN
PGS1,9489,84.36825,9489.1,NaN
COL4A3BP,NaN,NaN,#VALUE!,True
CHST14,113189,89.82142,113189.1,NaN
ADSSL1,NaN,NaN,#VALUE!,True
ABCC5,10057,85.78315,10057.1,NaN
CHST11,50515,86.216,50515.1,NaN
CHST11,50515,86.08225,50515.1,NaN
B3GALT6,126792,88.23843,126792.1,NaN
ETNK1,55500,84.52373,55500.1,NaN
ATP6V1C1,528,86.39111,528.1,NaN
BCAT1,586,85.94776,586.1,NaN
MAN2A1,4124,88.71882,4124.1,NaN
DGKQ,1609,85.92198,1609.1,NaN
NDUFV3,4731,87.844536,4731.1,NaN
SLC43A2,124935,89.705986,124935.1,NaN
PLD1,5337,87.281456,5337.1,NaN
PANK1,53354,92.090996,53354.1,NaN
SLC26A11,284129,87.24821,284129.1,NaN
SLC27A1,376497,87.81456,376497.1,NaN
PFKFB2,5208,88.306145,5208.1,NaN
SLC12A6,9990,88.80949,9990.1,NaN
CYB5D1,124637,106.14581,124637.1,NaN
COMTD1,118881,86.73948,118881.1,NaN
GFPT1,2673,87.6407,2673.1,NaN
SLC35A3,23443,87.31782,23443.1,NaN
MTHFR,4524,86.20816,4524.1,NaN
CRLS1,54675,86.21511,54675.1,NaN
MTMR3,8897,84.1778,8897.1,NaN
MTR,4548,82.964645,4548.1,NaN
GNPDA2,132789,85.25805,132789.1,NaN
GFPT1,2673,87.886185,2673.1,NaN
ZADH2,284273,86.8271,284273.1,NaN
PGK1,5230,85.5954,5230.1,NaN
INPP4A,3631,86.01704,3631.1,NaN
PDE5A,8654,86.11266,8654.1,NaN
ADHFE1,137872,88.75599,137872.1,NaN
SLC2A13,114134,88.785736,114134.1,NaN
NDUFA10,4705,85.56863,4705.1,NaN
GUCY1A3,NaN,NaN,#VALUE!,True
ADSS,NaN,NaN,#VALUE!,True
PROSC,NaN,NaN,#VALUE!,True
RDH13,112724,88.00438,112724.1,NaN
HS3ST3B1,9953,95.772675,9953.1,NaN
SLCO3A1,28232,85.61462,28232.1,NaN
PIGX,54965,86.87636,54965.1,NaN
RDH10,157506,87.46527,157506.1,NaN
CPT1C,126129,88.8888,126129.1,NaN
PTEN,5728,86.73157,5728.1,NaN
NT5E,4907,85.54822,4907.1,NaN
PIK3R5,23533,87.693214,23533.1,NaN
NME7,29922,84.51246,29922.1,NaN
HKDC1,80201,88.31543,80201.1,NaN
PIGK,10026,85.78629,10026.1,NaN
PIK3R5,23533,87.336494,23533.1,NaN
ST6GALNAC1,55808,89.71449,55808.1,NaN
NDUFV1,4723,87.64202,4723.1,NaN
AMDHD2,51005,86.93204,51005.1,NaN
ACOX1,51,85.43939,51.1,NaN
ZADH2,284273,86.51652,284273.1,NaN
ZADH2,284273,86.539314,284273.1,NaN
ADC,NaN,NaN,#VALUE!,True
PLA2G12A,81579,87.394424,81579.1,NaN
NMNAT3,349565,87.11658,349565.1,NaN
ESD,2098,86.22264,2098.1,NaN
ALG2,85365,86.61904,85365.1,NaN
ATP5G3,NaN,NaN,#VALUE!,True
ADCY5,111,85.8874,111.1,NaN
B3GNT1,NaN,NaN,#VALUE!,True
TKT,7086,81.236946,7086.1,NaN
HS3ST4,9951,88.875114,9951.1,NaN
UPB1,51733,85.037384,51733.1,NaN
NDUFB10,4716,84.96831,4716.1,NaN
GALNT6,11226,89.74051,11226.1,NaN
ISYNA1,51477,84.836945,51477.1,NaN
SETD8,NaN,NaN,#VALUE!,True
CDS2,8760,87.07278,8760.1,NaN
SOAT1,6646,85.3843,6646.1,NaN
B4GALT1,2683,86.31102,2683.1,NaN
PFKFB4,5210,90.60622,5210.1,NaN
GALNTL2,NaN,NaN,#VALUE!,True
PDE3A,5139,87.19397,5139.1,NaN
ENTPD1,953,86.01704,953.1,NaN
HSD17B1,3292,87.30681,3292.1,NaN
SLC12A4,6560,86.82489,6560.1,NaN
AGPAT4,56895,86.256004,56895.1,NaN
NDUFA11,126328,87.62122,126328.1,NaN
NDUFA11,126328,87.573494,126328.1,NaN
PANK2,80025,88.98921,80025.1,NaN
SLC6A6,6533,87.50421,6533.1,NaN
HNMT,3176,85.64326,3176.1,NaN
ST3GAL2,6483,84.089226,6483.1,NaN
ASPA,443,79.42188,443.1,NaN
SLC13A5,284111,88.52413,284111.1,NaN
CDS2,8760,87.07278,8760.1,NaN
SLC4A8,9498,87.9069,9498.1,NaN
NDUFB4,4710,86.73157,4710.1,NaN
ENPP1,5167,87.387276,5167.1,NaN
PDE4D,5144,86.64686,5144.1,NaN
PANK2,80025,88.9554,80025.1,NaN
PANK2,80025,88.98921,80025.1,NaN
SLC25A13,10165,85.62815,10165.1,NaN
EHMT2,10919,86.911804,10919.1,NaN
SLC25A13,10165,85.76381,10165.1,NaN
ENPP1,5167,87.41097,5167.1,NaN
BLVRA,644,85.07126,644.1,NaN
SLC24A2,25769,88.44426,25769.1,NaN
FUCA1,2517,87.31045,2517.1,NaN
SLC14A1,6563,92.102974,6563.1,NaN
AGXT2,64902,85.8874,64902.1,NaN
SLCO4A1,28231,84.13914,28231.1,NaN
LDHD,197257,83.73564,197257.1,NaN
MAT2B,27430,86.62952,27430.1,NaN
ISYNA1,51477,84.84331,51477.1,NaN
ST3GAL2,6483,84.31215,6483.1,NaN
SLC25A27,9481,87.274025,9481.1,NaN
PIK3R2,5296,84.137695,5296.1,NaN
B4GALT1,2683,86.46401,2683.1,NaN
COX5A,9377,91.84865,9377.1,NaN
NAGS,162417,89.90666,162417.1,NaN
GALNT9,50614,85.4071,50614.1,NaN
GALK1,2584,85.45565,2584.1,NaN
CHDH,55349,84.13914,55349.1,NaN
GUCY1A3,NaN,NaN,#VALUE!,True
GALNT5,11227,86.72992,11227.1,NaN
ATP6V0A2,23545,84.680275,23545.1,NaN
AGPAT6,NaN,NaN,#VALUE!,True
SLC19A1,6573,85.06067,6573.1,NaN
NDUFS1,4719,83.70816,4719.1,NaN
FECH,2235,86.519966,2235.1,NaN
PIK3C3,5289,86.383,5289.1,NaN
ATP1B3,483,87.17975,483.1,NaN
PIP4K2A,5305,86.56343,5305.1,NaN
HS6ST3,266722,90.50533,266722.1,NaN
SLCO3A1,28232,85.61462,28232.1,NaN
KDSR,2531,83.987686,2531.1,NaN
NMNAT1,64802,87.975555,64802.1,NaN
CHDH,55349,84.075516,55349.1,NaN
HS6ST2,90161,91.75381,90161.1,NaN
PCYT2,5833,85.16037,5833.1,NaN
GART,2618,86.554985,2618.1,NaN
PDE7B,27115,84.11686,27115.1,NaN
GUSB,2990,88.19084,2990.1,NaN
EXT1,2131,88.11636,2131.1,NaN
SLC6A11,6538,87.84466,6538.1,NaN
BHMT2,23743,92.12739,23743.1,NaN
TK2,7084,84.137695,7084.1,NaN
PRPS2,5634,88.88648,5634.1,NaN
CHPT1,56994,87.07278,56994.1,NaN
HAS2,3037,85.44828,3037.1,NaN
DLD,1738,83.52241,1738.1,NaN
ENTPD2,954,87.512764,954.1,NaN
PDE7A,5150,90.00827,5150.1,NaN
HS2ST1,9653,88.69931,9653.1,NaN
ACY3,91703,91.83908,91703.1,NaN
ST6GALNAC5,81849,85.32715,81849.1,NaN
CHDH,55349,84.05592,55349.1,NaN
SLC20A1,6574,89.39122,6574.1,NaN
PDE7A,5150,90.00827,5150.1,NaN
NDUFA10,4705,85.72628,4705.1,NaN
CDS2,8760,87.07278,8760.1,NaN
MPI,4351,84.430695,4351.1,NaN
ATP5E,NaN,NaN,#VALUE!,True
ATP6V1G3,127124,89.66486,127124.1,NaN
SLC7A3,84889,88.22188,84889.1,NaN
ACMSD,130013,87.98693,130013.1,NaN
SLC25A27,9481,87.26654,9481.1,NaN
SLC7A2,6542,87.9069,6542.1,NaN
ABCC3,8714,86.383194,8714.1,NaN
SLC13A3,64849,88.02403,64849.1,NaN
SLC13A3,64849,88.09182,64849.1,NaN
PGLS,25796,86.291794,25796.1,NaN
SLC2A5,6518,88.33035,6518.1,NaN
GART,2618,86.5805,2618.1,NaN
SORD,6652,86.26582,6652.1,NaN
GCNT2,2651,91.88201,2651.1,NaN
ADCY4,196883,87.876526,196883.1,NaN
GALNT10,55568,87.98693,55568.1,NaN
PDE6D,5147,85.13076,5147.1,NaN
MTHFD1L,25902,86.61904,25902.1,NaN
CROT,54677,83.97688,54677.1,NaN
IDH3A,3419,81.44564,3419.1,NaN
IP6K3,117283,86.90526,117283.1,NaN
SLC28A1,9154,92.762474,9154.1,NaN
PDE1A,5136,86.5958,5136.1,NaN
COX7B2,170712,102.75385,170712.1,NaN
CA13,377677,88.95369,377677.1,NaN
PDE3B,5140,83.120636,5140.1,NaN
MGAT4A,11320,88.41247,11320.1,NaN
ME3,10873,86.6749,10873.1,NaN
DOT1L,84444,87.2933,84444.1,NaN
EBP,10682,86.344284,10682.1,NaN
UPP2,151531,88.683815,151531.1,NaN
SLC5A12,159963,87.88088,159963.1,NaN
PLCZ1,89869,85.273735,89869.1,NaN
SLC35D2,11046,84.88004,11046.1,NaN
PDE4C,5143,87.59409,5143.1,NaN
COX8C,341947,100.18263,341947.1,NaN
XYLT2,64132,86.31102,64132.1,NaN
ETNK1,55500,84.63784,55500.1,NaN
GATM,2628,87.47259,2628.1,NaN
BHMT,635,91.78404,635.1,NaN
SLC12A3,6559,86.43968,6559.1,NaN
ST3GAL3,6487,83.22443,6487.1,NaN
ARG1,383,87.59095,383.1,NaN
ARG1,383,87.387276,383.1,NaN
ARG1,383,87.41097,383.1,NaN
ADH4,127,95.058525,127.1,NaN
ADH4,127,96.183464,127.1,NaN
GATM,2628,87.280556,2628.1,NaN
PIGG,54872,85.79826,54872.1,NaN
SHMT1,6470,82.60084,6470.1,NaN
TDO2,6999,83.93237,6999.1,NaN
ADH4,127,95.058525,127.1,NaN
PYCR2,29920,91.75695,29920.1,NaN
SMPD3,55512,87.47432,55512.1,NaN
GBGT1,26301,88.71882,26301.1,NaN
SLC25A27,9481,87.274025,9481.1,NaN
DMGDH,29958,86.37665,29958.1,NaN
PIK3CA,5290,85.63877,5290.1,NaN
NOS1,4842,84.43336,4842.1,NaN
DBT,1629,86.358376,1629.1,NaN
HIBADH,11112,84.21407,11112.1,NaN
MTAP,4507,86.31753,4507.1,NaN
CHDH,55349,84.13914,55349.1,NaN
AGPAT5,55326,84.80304,55326.1,NaN
ADCY1,107,89.23142,107.1,NaN
PIK3C3,5289,86.045,5289.1,NaN
PIGN,23556,84.4194,23556.1,NaN
BPNT1,10380,85.16923,10380.1,NaN
GALNT5,11227,87.394424,11227.1,NaN
CRLS1,54675,86.21511,54675.1,NaN
TRDMT1,1787,86.048164,1787.1,NaN
COQ2,27235,86.51652,27235.1,NaN
NDUFC1,4717,89.91863,4717.1,NaN
SLC2A11,66035,89.41742,66035.1,NaN
NDUFS8,4728,84.01209,4728.1,NaN
UGP2,7360,87.29185,7360.1,NaN
ARSB,411,81.19953,411.1,NaN
PIGL,9487,88.78106,9487.1,NaN
HS6ST3,266722,90.50155,266722.1,NaN
HS6ST3,266722,90.50533,266722.1,NaN
SLC28A3,64078,88.52148,64078.1,NaN
HMGCLL1,54511,86.21511,54511.1,NaN
B3GNT7,93010,86.24742,93010.1,NaN
RDH11,51109,89.76903,51109.1,NaN
PCCA,5095,85.12794,5095.1,NaN
SLC5A9,200010,86.247154,200010.1,NaN
MOGAT2,80168,88.44332,80168.1,NaN
CYP8B1,1582,95.26604,1582.1,NaN
ITPKB,3707,85.738106,3707.1,NaN
ITPKB,3707,85.60024,3707.1,NaN
PLD1,5337,85.18725,5337.1,NaN
SLC26A6,65010,84.148026,65010.1,NaN
PCYT1B,9468,86.554985,9468.1,NaN
UROS,7390,84.52373,7390.1,NaN
SLC9A5,6553,85.225525,6553.1,NaN
XYLT1,64131,87.05743,64131.1,NaN
GALT,2592,81.89042,2592.1,NaN
ENPP3,5169,86.58906,5169.1,NaN
COX4I2,84701,94.7224,84701.1,NaN
TUSC3,7991,89.50331,7991.1,NaN
MLL3,NaN,NaN,#VALUE!,True
NADSYN1,55191,85.78315,55191.1,NaN
SYNJ1,8867,85.64326,8867.1,NaN
OLAH,55301,86.416824,55301.1,NaN
UPP2,151531,88.640434,151531.1,NaN
SLC4A9,83697,88.34074,83697.1,NaN
MCCC2,64087,82.96441,64087.1,NaN
PTEN,5728,87.280556,5728.1,NaN
OXCT2,64064,96.32389,64064.1,NaN
PTEN,5728,87.0954,5728.1,NaN
SLC35D2,11046,85.07129,11046.1,NaN
SLC46A1,113235,86.40343,113235.1,NaN
INPP5D,3635,84.84331,3635.1,NaN
PDE1A,5136,86.358376,5136.1,NaN
PDE1A,5136,86.14366,5136.1,NaN
HMGCLL1,54511,85.92079,54511.1,NaN
CDS2,8760,86.87453,8760.1,NaN
PIGG,54872,85.4708,54872.1,NaN
FTCD,10841,86.72992,10841.1,NaN
GGT1,2678,89.06073,2678.1,NaN
B3GAT2,135152,85.09077,135152.1,NaN
ACSM1,116285,92.98219,116285.1,NaN
SLC2A13,114134,88.2693,114134.1,NaN
ACSS2,55902,86.291794,55902.1,NaN
HIBADH,11112,84.35173,11112.1,NaN
ANPEP,290,88.8888,290.1,NaN
GALNT13,114805,87.66176,114805.1,NaN
ACSS1,84532,87.08026,84532.1,NaN
ACSS1,84532,86.51814,84532.1,NaN
SARDH,1757,86.12331,1757.1,NaN
SLC2A13,114134,89.02046,114134.1,NaN
ANPEP,290,88.8888,290.1,NaN
SARDH,1757,85.81618,1757.1,NaN
ATP2B2,491,86.63971,491.1,NaN
ATP2B2,491,86.6634,491.1,NaN
ACSS1,84532,86.90905,84532.1,NaN
ENTPD6,955,85.43114,955.1,NaN
SLC27A5,10998,96.37125,10998.1,NaN
PLCD3,113026,86.48325,113026.1,NaN
SLC38A5,92745,90.91201,92745.1,NaN
ZADH2,284273,86.8271,284273.1,NaN
GCLM,2730,84.56523,2730.1,NaN
INPP4B,8821,88.22282,8821.1,NaN
ADCY1,107,89.70254,107.1,NaN
SLC2A12,154091,85.48825,154091.1,NaN
MAN2A1,4124,89.02795,4124.1,NaN
PDE8B,8622,88.640434,8622.1,NaN
PIGM,93183,83.46238,93183.1,NaN
ITPKB,3707,85.738106,3707.1,NaN
PLCXD2,257068,89.31075,257068.1,NaN
RDH13,112724,88.00438,112724.1,NaN
ATP6V0A2,23545,84.917145,23545.1,NaN
ECHDC2,55268,84.04749,55268.1,NaN
NDUFS1,4719,83.3782,4719.1,NaN
ST6GALNAC3,256435,86.82803,256435.1,NaN
SETDB2,83852,91.39118,83852.1,NaN
SETDB2,83852,91.090675,83852.1,NaN
GANC,2595,90.54563,2595.1,NaN
MDH1,4190,86.54887,4190.1,NaN
GATM,2628,87.475235,2628.1,NaN
SLC8A1,6546,84.75972,6546.1,NaN
INPP4A,3631,85.87749,3631.1,NaN
GANC,2595,90.55649,2595.1,NaN
ACSS1,84532,87.08026,84532.1,NaN
SLC25A16,8034,84.13914,8034.1,NaN
PIK3C2A,5286,84.35719,5286.1,NaN
TUSC3,7991,89.01939,7991.1,NaN
PPAT,5471,86.75664,5471.1,NaN
MLL3,NaN,NaN,#VALUE!,True
CA13,377677,90.08041,377677.1,NaN
PIK3CA,5290,86.616005,5290.1,NaN
GANC,2595,90.53714,2595.1,NaN
GALNT5,11227,86.72992,11227.1,NaN
GCLM,2730,84.564316,2730.1,NaN
PHOSPHO1,162466,85.18408,162466.1,NaN
PDE1A,5136,86.66431,5136.1,NaN
RDH5,5959,86.51814,5959.1,NaN
PDE3A,5139,87.19397,5139.1,NaN
PDE1C,5137,85.758705,5137.1,NaN
MMAA,166785,86.27067,166785.1,NaN
NDUFS1,4719,83.25543,4719.1,NaN
GALNTL2,NaN,NaN,#VALUE!,True
AMACR,23600,84.04749,23600.1,NaN
FAH,2184,84.47773,2184.1,NaN
ACOT8,10005,82.88313,10005.1,NaN
GALNT13,114805,87.44022,114805.1,NaN
ARSA,410,83.851875,410.1,NaN
PIGM,93183,83.36011,93183.1,NaN
ALG1,56052,88.31326,56052.1,NaN
GMPS,8833,85.4236,8833.1,NaN
NT5C2,22978,85.27699,22978.1,NaN
AGPAT6,NaN,NaN,#VALUE!,True
GALNT1,2589,88.05413,2589.1,NaN
IDS,3423,87.512764,3423.1,NaN
SLC38A1,81539,88.08475,81539.1,NaN
GALNS,2588,84.64843,2588.1,NaN
HGD,3081,86.88374,3081.1,NaN
SLC6A13,6540,89.63939,6540.1,NaN
PDE9A,5152,87.05918,5152.1,NaN
GALNT5,11227,86.88485,11227.1,NaN
PDE11A,50940,87.66705,50940.1,NaN
SLC5A11,115584,85.57127,115584.1,NaN
DPYSL3,1809,86.55524,1809.1,NaN
HKDC1,80201,88.20096,80201.1,NaN
HKDC1,80201,88.05413,80201.1,NaN
B3GNT8,374907,87.854866,374907.1,NaN
SLC26A8,116369,90.00216,116369.1,NaN
TGDS,23483,86.12331,23483.1,NaN
ACAD10,80724,89.769966,80724.1,NaN
ACAD10,80724,89.53606,80724.1,NaN
CRLS1,54675,86.38449,54675.1,NaN
SLC5A8,160728,84.33659,160728.1,NaN
ENO3,2027,89.164894,2027.1,NaN
ZADH2,284273,86.519966,284273.1,NaN
PFKFB1,5207,92.22159,5207.1,NaN
MMAA,166785,86.27067,166785.1,NaN
HAL,3034,87.2132,3034.1,NaN
SDR16C5,195814,88.27963,195814.1,NaN
SDHC,6391,80.47617,6391.1,NaN
MAN2C1,4123,85.09248,4123.1,NaN
PPOX,5498,86.41173,5498.1,NaN
PPOX,5498,86.43617,5498.1,NaN
PDE6B,5158,86.04981,5158.1,NaN
ACOT12,134526,88.33902,134526.1,NaN
COX3,4514,62.409447,4514.1,NaN
MAN2C1,4123,85.09248,4123.1,NaN
ADSSL1,NaN,NaN,#VALUE!,True
B4GALT3,8703,88.88523,8703.1,NaN
SLC35B4,84912,87.08023,84912.1,NaN
CLYBL,171425,84.89255,171425.1,NaN
PFKFB2,5208,88.306145,5208.1,NaN
DGKE,8526,86.12331,8526.1,NaN
NNT,23530,85.43114,23530.1,NaN
SLC8A1,6546,84.730965,6546.1,NaN
QDPR,5860,84.7064,5860.1,NaN
ACAD10,80724,89.516716,80724.1,NaN
PTGS1,5742,86.298485,5742.1,NaN
SETDB2,83852,91.076385,83852.1,NaN
DGKE,8526,86.267456,8526.1,NaN
MDH1B,130752,88.134254,130752.1,NaN
SETDB2,83852,91.090675,83852.1,NaN
IPMK,253430,85.19758,253430.1,NaN
CSAD,51380,89.62588,51380.1,NaN
ATP6V1G1,9550,86.210815,9550.1,NaN
ACY1,95,88.98921,95.1,NaN
PANK2,80025,88.95194,80025.1,NaN
B4GALT1,2683,86.31102,2683.1,NaN
SULT1A1,6817,101.437035,6817.1,NaN
ALDOA,226,91.18031,226.1,NaN
SLC26A7,115111,87.28148,115111.1,NaN
MTHFR,4524,86.383,4524.1,NaN
CSGALNACT2,55454,85.46954,55454.1,NaN
NOS1,4842,84.23311,4842.1,NaN
B3GAT2,135152,85.52506,135152.1,NaN
ABCC3,8714,86.54887,8714.1,NaN
PDE1C,5137,85.90858,5137.1,NaN
COX7B,1349,102.7615,1349.1,NaN
NDUFS1,4719,83.41733,4719.1,NaN
PIK3C3,5289,86.04981,5289.1,NaN
DGKZ,8525,87.886185,8525.1,NaN
SLC19A3,80704,92.86504,80704.1,NaN
ATP2B2,491,86.833496,491.1,NaN
SLC6A2,6530,84.48536,6530.1,NaN
SLC2A8,29988,86.550606,29988.1,NaN
CYP19A1,1588,95.25382,1588.1,NaN
CYP19A1,1588,94.77025,1588.1,NaN
GALNTL2,NaN,NaN,#VALUE!,True
HS3ST6,64711,86.54427,64711.1,NaN
GUCY1A3,NaN,NaN,#VALUE!,True
GPX2,2877,88.11636,2877.1,NaN
SLC22A5,6584,90.57259,6584.1,NaN
CHST13,166012,89.27435,166012.1,NaN
SLC3A1,6519,85.23833,6519.1,NaN
CLYBL,171425,84.76518,171425.1,NaN
SLC5A10,125206,87.91035,125206.1,NaN
PGAP1,80055,84.9455,80055.1,NaN
GCNT1,2650,89.46698,2650.1,NaN
UMPS,7372,87.854866,7372.1,NaN
SLC13A2,9058,87.79711,9058.1,NaN
ECHDC2,55268,83.80031,55268.1,NaN
MMAA,166785,86.47165,166785.1,NaN
PDE8A,5151,86.75664,5151.1,NaN
IPMK,253430,85.351036,253430.1,NaN
GALNT2,2590,85.218094,2590.1,NaN
ACAD9,28976,85.692894,28976.1,NaN
PDE5A,8654,86.64016,8654.1,NaN
HMGCS2,3158,87.91035,3158.1,NaN
SLC15A2,6565,85.94776,6565.1,NaN
SLC2A9,56606,88.97475,56606.1,NaN
SYNJ2,8871,87.91545,8871.1,NaN
ENO1,2023,83.96321,2023.1,NaN
TK2,7084,84.381836,7084.1,NaN
PIGV,55650,85.45174,55650.1,NaN
GALNT5,11227,86.8729,11227.1,NaN
NDUFB2,4708,85.583176,4708.1,NaN
CLYBL,171425,84.89255,171425.1,NaN
HS3ST5,222537,88.640434,222537.1,NaN
CBS,875,85.88875,875.1,NaN
SLC32A1,140679,86.07894,140679.1,NaN
CYP19A1,1588,93.81599,1588.1,NaN
PLCB4,5332,84.47906,5332.1,NaN
ESD,2098,86.08225,2098.1,NaN
CYP19A1,1588,94.20857,1588.1,NaN
PFKFB1,5207,92.96998,5207.1,NaN
NOS1,4842,84.43336,4842.1,NaN
GLS,2744,83.760994,2744.1,NaN
CMAS,55907,90.269424,55907.1,NaN
ASNS,440,84.46915,440.1,NaN
CA12,771,87.20066,771.1,NaN
ALDOB,229,89.15475,229.1,NaN
PIK3C3,5289,86.383,5289.1,NaN
KYNU,8942,84.396805,8942.1,NaN
AK7,122481,87.00626,122481.1,NaN
IMPDH2,3615,84.08037,3615.1,NaN
CRLS1,54675,86.21428,54675.1,NaN
SLC8A1,6546,84.60072,6546.1,NaN
UQCRC2,7385,99.41348,7385.1,NaN
NT5C2,22978,84.7327,22978.1,NaN
PGAP1,80055,84.96831,80055.1,NaN
SLC6A4,6532,84.90783,6532.1,NaN
PLCL1,5334,86.439865,5334.1,NaN
SLC16A7,9194,87.90401,9194.1,NaN
PIK3C2A,5286,84.78673,5286.1,NaN
NANS,54187,85.012,54187.1,NaN
FDFT1,2222,85.659134,2222.1,NaN
AKR1A1,10327,86.416824,10327.1,NaN
XDH,7498,83.88565,7498.1,NaN
DGUOK,1716,87.285774,1716.1,NaN
IDH1,3417,81.23512,3417.1,NaN
SLC6A4,6532,84.882355,6532.1,NaN
ATP2B3,492,88.97475,492.1,NaN
IDI1,3422,87.413475,3422.1,NaN
CHSY3,337876,87.394424,337876.1,NaN
CHST1,8534,89.44763,8534.1,NaN
NDUFS7,374291,87.2882,374291.1,NaN
IREB2,3658,86.5306,3658.1,NaN
SLC26A9,115019,86.468506,115019.1,NaN
GLUL,2752,86.7652,2752.1,NaN
DGKG,1608,87.47259,1608.1,NaN
PLA2G12A,81579,87.24992,81579.1,NaN
QPRT,23475,86.07835,23475.1,NaN
PDE4A,5141,88.26768,5141.1,NaN
CHST13,166012,89.49109,166012.1,NaN
SLC2A5,6518,88.436165,6518.1,NaN
SLC22A3,6581,86.69428,6581.1,NaN
PTEN,5728,87.475235,5728.1,NaN
MMAA,166785,86.278824,166785.1,NaN
MMAA,166785,86.47165,166785.1,NaN
PIGB,9488,84.254135,9488.1,NaN
SLC5A1,6523,85.294395,6523.1,NaN
PDE1A,5136,86.358376,5136.1,NaN
ADCY5,111,85.72999,111.1,NaN
IDH1,3417,81.40391,3417.1,NaN
RDH12,145226,86.59672,145226.1,NaN
NT5C1B,93034,98.44638,93034.1,NaN
ENTPD1,953,85.64326,953.1,NaN
PYGB,5834,86.46401,5834.1,NaN
GAD2,2572,85.218094,2572.1,NaN
CROT,54677,84.36825,54677.1,NaN
P4HA1,5033,85.54822,5033.1,NaN
ZADH2,284273,86.8271,284273.1,NaN
PDE7B,27115,83.45396,27115.1,NaN
ATP5F1,NaN,NaN,#VALUE!,True
ADH1B,125,106.22264,125.1,NaN
PDE1C,5137,85.62629,5137.1,NaN
SPCS2,9789,90.08784,9789.1,NaN
CYP3A7,1551,101.35147,1551.1,NaN
PRODH2,58510,88.170815,58510.1,NaN
SLC1A7,6512,89.73755,6512.1,NaN
NDUFB1,4707,87.9348,4707.1,NaN
MOXD1,26002,88.42598,26002.1,NaN
ATP1B4,23439,84.35436,23439.1,NaN
NMNAT3,349565,87.30073,349565.1,NaN
GALNT13,114805,87.64242,114805.1,NaN
ALDOB,229,89.1412,229.1,NaN
EHMT2,10919,86.55524,10919.1,NaN
ABCC4,10257,86.20989,10257.1,NaN
FADS2,9415,88.27963,9415.1,NaN
SLC24A4,123041,86.91497,123041.1,NaN
MGAT3,4248,85.59441,4248.1,NaN
MGST3,4259,87.88018,4259.1,NaN
OXCT1,5019,89.482895,5019.1,NaN
ALAS2,212,86.62952,212.1,NaN
AKR1C1,1645,104.11619,1645.1,NaN
UQCRB,7381,93.356804,7381.1,NaN
PGAP1,80055,85.09248,80055.1,NaN
SLC2A12,154091,85.48331,154091.1,NaN
SLC1A4,6509,85.18091,6509.1,NaN
CYP39A1,51302,96.39124,51302.1,NaN
DNMT3A,1788,89.02448,1788.1,NaN
SLC12A3,6559,86.30661,6559.1,NaN
NNT,23530,85.60024,23530.1,NaN
ATP1A1,476,86.910164,476.1,NaN
SUCLG1,8802,82.93329,8802.1,NaN
SETD7,80854,83.81856,80854.1,NaN
SOAT1,6646,85.39625,6646.1,NaN
DBT,1629,86.91497,1629.1,NaN
PAH,5053,87.169815,5053.1,NaN
PSPH,5723,85.731476,5723.1,NaN
GART,2618,86.415634,2618.1,NaN
CHST3,9469,87.889824,9469.1,NaN
NPR1,4881,87.02418,4881.1,NaN
AGPAT1,10554,89.301704,10554.1,NaN
AGPAT2,10555,87.95552,10555.1,NaN
ETFDH,2110,85.57127,2110.1,NaN
B3GAT3,26229,86.84077,26229.1,NaN
SGSH,6448,84.98398,6448.1,NaN
GCAT,23464,89.65768,23464.1,NaN
MVK,4598,82.9999,4598.1,NaN
TSTA3,7264,85.29924,7264.1,NaN
ATP6V0C,527,85.86352,527.1,NaN
PRDX2,7001,88.7558,7001.1,NaN
SPHK2,56848,89.70416,56848.1,NaN
ACACB,32,86.21511,32.1,NaN
G6PC3,92579,87.90992,92579.1,NaN
CANT1,124583,85.75258,124583.1,NaN
DHFR,1719,86.46356,1719.1,NaN
ACACB,32,85.92079,32.1,NaN
PIGV,55650,85.62629,55650.1,NaN
B4GALT7,11285,87.40697,11285.1,NaN
CHPF2,54480,87.66922,54480.1,NaN
RBKS,64080,85.8529,64080.1,NaN
SLC24A3,57419,87.88018,57419.1,NaN
TXNRD3,114112,88.26768,114112.1,NaN
SCLY,51540,88.2693,51540.1,NaN
ENGASE,64772,86.73197,64772.1,NaN
MAN1B1,11253,87.2933,11253.1,NaN
GAPDH,2597,87.5623,2597.1,NaN
GAPDH,2597,87.19397,2597.1,NaN
GAPDH,2597,87.76608,2597.1,NaN
