H3K4me0,H3K4me1,H3K4me2,H3K4ac1,H3K9me0K14ac0,H3K9me1K14ac0,H3K9me2K14ac0,H3K9me3K14ac0,H3K9ac1K14ac0,H3K9me0K14ac1,H3K9me1K14ac1,H3K9me2K14ac1,H3K9me3K14ac1,H3K9ac1K14ac1,H3K18ac0K23ac0,H3K18ac1K23ac0,H3K18ac0K23ac1,H3K18ac1K23ac1,H3K18ac0K23ub1,H3K27me0K36me0,H3K27me0K36me1,H3K27me0K36me2,H3K27me0K36me3,H3K27me1K36me0,H3K27me1K36me1,H3K27me1K36me2,H3K27me1K36me3,H3K27me2K36me0,H3K27me2K36me1,H3K27me2K36me2,H3K27me3K36me0,H3K27me3K36me1,H3K27ac1K36me0,H3K27ac1K36me1,H3K27ac1K36me2,H3K27ac1K36me3,H3.3K27me0K36me0,H3K56me0,H3K56me1,H3K79me0,H3K79me1,H3K79me2
-0.006321941148007216,-0.017799873931030778,0.0008799694743251738,0.026156974296476676,-0.023344835453447156,-0.01627729261262806,0.01531517586712295,-0.009774586483858183,-0.031328019838781244,-0.006867491606674909,0.03161967468613135,0.047013934154034154,0.039167919960916474,-0.02557224691010493,-0.0045478488425419634,0.005383355265018309,0.019893643287171,0.027636293414754792,-0.03502238138115153,0.008501241565388062,0.0012711778242608326,0.026793030004946157,-0.02219751299394966,0.00811495831623028,-0.008454001311793162,-0.031623564699971754,-0.04453606640439239,0.014383573743592743,-0.056009110189501485,-0.04066821857811223,-0.00641735145665986,-0.047856353509074426,0.008135565871947031,0.0005475214862778857,-0.004926166473123554,0.016209840994175263,0.023785782166219755,-0.01500124249166344,-0.029767949613361256,-0.023375497178764748,0.0009996093321521244,-0.019003031961464995
-0.05469735789082998,-0.044185075522215074,-0.0013848955726483358,-0.0018235982049944514,-0.022307341034449445,-0.04936080981325685,-0.05085954083458027,-0.06170206261500741,-0.04401338000042728,0.0063609135533883,0.031097617269839624,0.006323399888199334,-0.011190586972507034,-0.04869762616603009,-0.05047729551682438,-0.03532542715398331,-0.009446251896402908,-0.0012902878651381469,0.015947696446144285,0.0031424821683688838,0.0037473071190821912,0.02479573823281296,-0.04398927571427856,0.01824724762541773,-0.03683616372228817,-0.09808107654451725,-0.10115534597917182,0.03362158375441961,-0.10321545815096823,-0.11640085200531253,0.013760873498720025,-0.07138954890120229,0.021636542565968135,-0.01473878336941456,-0.04712200243162456,-0.02178135398081144,0.00228384871828402,-0.06137787709828821,-0.0702346697608765,-0.0518430835836341,-0.05564432192759267,-0.03386255190627883
-0.02328948971332304,-0.06181777368835712,-0.02348234955242966,0.008402286554227213,-0.01518715364407849,-0.023184682167735126,-0.01062835712559326,-0.03154907869285881,-0.08646074475774515,0.010539492653537872,0.036117181107345936,0.06156319359952604,0.04081913644894458,-0.061629596448005246,-0.005224241285982485,-0.0021328119822632717,0.011125927523341184,0.014246034784525682,0.01079366141672742,0.034723591340190464,0.028963960235463274,0.017039403169816232,-0.05657052755675808,0.029289948843431075,0.0047586162341717066,-0.04388672020013196,-0.0669088994004982,0.03351524932066276,-0.036020241343381214,-0.048703071576286616,-0.002580410046616946,-0.0414461943281812,0.04290892309182557,0.01928635030009497,-0.009922729356360637,-0.005721091555309901,0.00586326164605024,-0.013483940517347427,0.018426513397347653,0.008368881393984128,-0.026329227683983044,-0.05802107869009072
-0.03519440119905653,-0.03028577453148405,-0.017176800165250982,-0.014399938488631903,-0.03938908880019185,-0.03996781369927636,-0.014922250901930802,-0.017700243995492655,-0.05770646410428234,-0.026507129728112828,0.0019774730545634037,0.022053082316363635,-0.0015742905965969644,-0.0505172802156844,-0.00958000249043836,-0.010925437433988576,-0.015927075417665207,0.010221374765867855,-0.0021480656778834844,0.027789006462408634,0.02904354795510969,0.005237241147968804,-0.019174741645357225,0.03749618941150664,-0.013414577094166403,-0.05439787199356491,-0.07929648450316336,0.025965243332552772,-0.06909966704370114,-0.07497886157354298,-0.0038358260797306917,-0.0606846280503235,0.054091378030290994,0.01702163882041077,-0.01813597265651917,0.009012923622652548,0.000505156848400163,-0.04874265732995278,-0.019863076338012722,-0.06363765233126051,-0.02872865261951048,-0.013369299319075866
0.014586571722773061,0.0009090598392358268,0.029871993889030262,0.057309219365873944,-0.001557305247521458,-0.0052794888253254995,0.014022679719963183,0.02352455155793854,-0.0435839333376117,0.008974891174133819,0.018476197791729935,0.05099289434597989,0.04579759383909257,-0.03249064512742426,0.024751681578023092,-0.01162262406164886,0.01747670608940097,-0.011676512076109634,0.002531031894742487,0.014735250964036462,-0.017714354805560464,0.00872665400309587,-0.0018273840441191856,0.025438897293351515,-0.028665247487517174,-0.03570055115938735,-0.05077999916249839,0.047738593062830834,-0.024235362869760434,-0.05023388511845088,0.02843235027792986,-0.017557639479384754,-0.04139215721170232,-0.06048425144378891,-0.04968371052615347,0.0028803671928773894,0.013785445245537677,0.010518607670196339,-0.0026610909021154002,-0.03334086419317876,0.01482343079313647,0.002020286828487985
-0.0342517107789839,-0.022510970249374224,-0.03853089462803901,-0.031485710386012215,-0.02823441496741722,-0.00714397293229507,-0.0005075153481871501,-0.008853177429054667,-0.03063410019256458,-0.007917953718600641,0.012573849559068127,0.026970611654520745,0.0038607316790895884,-0.027739078310100952,0.007656671691983859,0.009828426500534289,-0.019691000201834293,0.004005568756045721,-0.003766932817803413,0.05733672095954764,0.04155106721862839,0.007926220374257114,-0.03898218573087632,0.03963636678482517,0.023843394019801054,-0.0319128685244507,-0.05415667767167851,0.012682205209397933,-0.023333418894167998,-0.022980587653069977,-0.047198893788598914,-0.07874716850348973,0.048819476410587016,0.0478328202828041,0.02082726237810688,0.007652696482915368,0.041495672013205954,-0.014834125339572346,-0.014666090145480697,-0.03361011527479483,-0.004854196381629275,-0.002584556638076506
0.047885265661148715,0.06569414328434922,0.044842510543722264,-0.00741724570756371,0.029587501047996526,0.04563803344785895,0.07615724084574291,0.09789474857403502,0.006262179731487309,-0.0067749294053639384,0.00973156535400344,0.014559145819962368,0.04905553248565644,-0.024854031183647356,0.08500890084919371,0.030832618652858496,0.03953741762591882,0.016726921029740806,-0.004695031667379577,0.06836442608231093,0.058491994775689955,0.009209383400337737,0.050804462437006245,0.06166606858668734,0.04242536280691339,0.04516930650242371,0.05524090494663353,0.032192646198169764,-0.0004054847756044561,0.03159620849423097,-0.027226319204779678,-0.024534211621803605,0.01625246706494616,0.01881455523215535,0.009205286088338639,0.015349703674567353,0.09716394716874757,0.062117013288214167,0.04051646210187244,0.08394805423882269,0.038415855359773286,0.039864877980900076
0.005531511099806722,-0.016398687506004143,0.019417045200063723,0.08495856126906777,0.006768968595801573,-0.0006689333355600791,0.014160697281319487,-0.06025819735346617,-0.06897729323756936,0.057857615923338525,0.09372722489759398,0.09268768611945083,0.05320987176837414,-0.027216191645256658,-0.007827698590929142,0.023829478226665084,0.04439251957280396,0.039232234784878466,-0.005113379918044831,0.021110092658096866,-0.024576711394196933,0.00946561385404734,-0.08093940151176705,0.027110323502041067,-0.018753471689823564,-0.061600296359078884,-0.07079221677763697,0.067718082891562,-0.0499928464729566,-0.06267175146456028,0.02474990957024877,-0.03755458104320821,0.03555622211407223,-0.040367057363282076,-0.056742918143249936,-0.029538474616677527,0.02391591344088343,-0.007863809408874786,-0.035130027104506495,0.014894962083589664,-0.047164504724358854,-0.0861087533693422
0.00956195295208358,-0.021163417594487588,0.004806147267771996,0.0207467675802806,-0.026893551467373922,-0.015798220779314073,0.014683997059642183,-0.005206692618817994,-0.0775066221125396,0.005311503665907547,0.04132148454199583,0.062048187428021005,0.04069396902362371,-0.055321562471318045,0.011531413711857596,-0.0005464337745138786,-0.0011975051947172442,-0.00470387573760651,-0.017189339357138934,0.03527375407895401,0.019510383352318104,0.01813844967135612,-0.034266291651795226,0.03416544150436448,-0.0077232788392956305,-0.034709281141135334,-0.04235957457416281,0.03768220871519983,-0.04462801243944715,-0.048149645239674875,-0.01308859925509207,-0.0637906490950871,0.031903948216172616,-0.002319547293232118,-0.027654405461875073,-0.0011746552737652862,0.014977456033771794,0.00033417497122148845,0.010586863750647945,-0.0015610893434333708,-0.001967188162719434,-0.0360268341298377
0.07653403253371902,0.02482377377998928,0.04858710402072781,-0.010302168454278513,0.04634202923414858,0.054046230678268754,0.051086394530425766,0.039978187274716734,0.05027857307187081,0.06247934121209893,0.05240757070728118,0.0539862591845287,0.024973438453937718,0.05647201927118404,0.061065985471726786,0.008454404089495493,0.022658936428178688,-0.012825238437616165,0.00046646828448742287,0.08419930999337269,0.1031968183210483,0.048327180073646794,0.05849497632216877,0.07800730350733788,0.09500995182738627,0.037633138949565666,0.003786333170202211,0.03335647425234956,0.045504603050217904,0.025883870898630805,-0.013866836311323174,-0.017046579552621108,0.05173860167441995,0.04784929034068289,0.014907673850101938,-0.0008936569308785217,0.04018759271285704,0.056329265612511364,0.062376003411538636,0.03548095244453188,0.02732425329852814,0.040845355540255354
-0.0776201520606257,-0.03552682447683222,-0.03026793210108438,0.008648127356118904,-0.01745119703704006,-0.06824098159330404,-0.06716800823831696,-0.07969154819983332,-0.050410165376224114,0.0191114086590073,0.007620343373322432,-0.006957345206509522,-0.023178064384499777,-0.018495698184155064,-0.0479787446402104,-0.050367167567840654,-0.022855750818885773,-0.008591064197250507,-0.005815574115459952,0.01806612500912663,0.05893960330511092,0.07454655207879637,-0.002360796275428347,-0.017953141419962407,0.015898171979023067,-0.029825385912165922,-0.06369110889732836,-0.07446743440834759,-0.07825237686431374,-0.046547214923819705,-0.11735298902450995,-0.13267848746580732,0.02349123120046386,0.040951417269862934,0.042952020330631925,0.03374292320942691,-0.00908060967534502,-0.0562279604014228,-0.05495104235203434,-0.0577130435574921,-0.04200869509515729,-0.045358987279110835
-0.009553002360733497,-0.034329564597906544,-0.008304263659777227,0.015218620977417852,-0.028312195852573153,-0.02541072516331544,-0.00353428545855669,-0.005060783405422343,-0.055018821127096086,-0.0013313303435622,0.023622793141735095,0.04886069314098783,0.030780258747117456,-0.04137268368220538,0.004971708790409595,-0.001308629314837941,-0.010968615080185045,-0.0030230365642507267,0.033011225478858645,0.04587973177684786,0.04321862043680371,0.03969420209799234,-0.02379335899083233,0.045615310647691205,-0.009288106974779584,-0.07418591710792542,-0.07925998087841979,0.027693369211803633,-0.07718491301062312,-0.08555331248303581,-0.021460214574005425,-0.07796696266462083,0.03239540635036897,0.01948390808143868,-0.005900775108016184,0.016236601722673192,-0.0020979597674236176,-0.024686340904142234,-0.015948337119152643,-0.026266617792170842,-0.015770692944271508,-0.0369399848957533
-0.016408349074374592,-0.02800443561320356,-0.005754755520606945,0.0020679091813515633,-0.013799256912310454,-0.0367048137649695,0.0057798452547446165,0.01811010807709187,-0.06473671051169444,-0.008849183269800519,0.024111163359547088,0.03396574569009657,0.03692628100713957,-0.041825373622496435,-0.0009614160113263689,-0.02227910794188397,0.0016316326500105634,0.0063007928230119975,-0.006717474748707269,0.041545720355290486,0.04032866527911712,0.009709194270093454,-0.038855440934136905,0.03887443803679486,0.04044390794217059,-0.024015315430561443,-0.07688967567234595,0.011283611691016954,-0.049572754096026406,-0.04480440378460759,-0.06352166078867394,-0.08525116585907348,0.004686887473352042,-0.013868779970719062,-0.04080091787336329,-0.010164886363898729,0.041380632641045606,-0.03449765534650537,-0.01726523331140795,-0.026670837141083002,-0.04685702584039665,-0.061326155548106026
-0.05307584257569669,-0.06277206200031438,-0.01826756113157357,-0.015638802217631923,-0.03608362304045602,-0.06199859129592298,-0.011968769784701206,-0.03627599689115871,-0.0899609223167937,-0.02045805664528657,-0.003058240015391006,0.033716247748193554,0.008962418019415741,-0.08687000733801234,-0.0168128444282029,-0.019603881984116063,-0.021807345634331336,-0.018905274234320715,0.009171105389600292,0.015765933953684492,0.03643565851579861,0.03909888800634938,-0.025756535293237116,0.00017020081520307734,-0.028271298149827276,-0.07004480647792045,-0.07628161367702539,0.009865649018380045,-0.10069591665156845,-0.08293165902270667,-0.02804732217474614,-0.07767589236284175,0.021143779194970503,0.02552554764387456,-0.01871212783788992,-0.0014689198517957225,0.0035416493697880934,-0.048179647014651106,-0.046470263595248286,-0.05923456727655047,-0.03988989789619456,-0.028331940186579724
0.02420555497836417,0.0036874112437283914,0.031119895392763653,0.023969886081087792,-0.022264509937410047,-0.025186780520832258,0.009265715421460938,0.010652745783910905,-0.0572059532112749,0.032848867276531635,0.02802864183735985,0.04782731008434074,0.06236941335935866,-0.03789366046822544,0.019008135949332577,0.010410976167831102,0.061467236953802074,0.035891960148982646,-0.0008135037857190862,0.016349990702497277,0.038223818148356695,0.08887068225141805,0.018384153932301753,-0.01243862229115657,0.02816506770014891,0.03196411986403357,-0.00467605272172364,-0.00852257340683815,-0.025014656456806738,0.004994952193069176,-0.03811453847363405,-0.04585209612680012,0.020234330819144362,0.030101408919792978,-0.0007494072715911131,0.04577401479547682,-0.011467086652687015,0.012870578140068646,-0.0014861291406589757,0.028205931284843715,-0.004371494864048386,-0.011817520668676269
0.017824959354194755,0.07389221359410093,0.06261933280208484,0.033187931509335515,0.05218868366820179,0.020502358429270128,0.027553596264631067,0.03431236286859886,-0.008256228627135662,0.022726408296217113,-0.0007146735339370106,-0.004455001624636657,0.01807768605624063,-0.006707484086185099,0.04098736975971095,0.021625200473593755,0.043609965144582125,0.027549959480563248,-0.07958240176667468,-0.03467626073282145,-0.02096088213125796,-0.0033788072327600176,-0.04360023173317734,-0.019252456760623128,0.010539555726226935,0.04590253002795504,0.008022186100308006,0.015396205334090746,0.03403420149129931,0.05466752762075964,0.028083594983934732,0.03546124240509933,-0.01983265884426096,-0.010370713558979025,-0.019694232370457598,-0.041226077074230386,0.025165610799096766,0.040133775521281945,0.020461816850238547,0.02791424055617594,0.04277062218424517,0.04785498599598714
-0.025477370641441382,0.0094700322737661,0.01779148787716285,0.029030561777105956,-0.026490902596140908,-0.019217129292264764,0.005453064819755622,0.004043586844945702,-0.05942396078324854,-0.013121937147622905,0.027955897736189162,0.046205052566470436,0.035555705920833514,-0.04101819931424761,-0.012295209322584908,-0.0034225371341276797,0.016076229143169158,0.019489509135647176,-0.005347411865919773,0.014975752955398701,0.02335959650628407,0.04319873926128925,0.022551731613250654,0.0164386854317282,-0.004479944065281672,-0.03731543880060563,-0.014160040636964362,0.00995328961761322,-0.06678585856973088,-0.06284244754981193,0.005734487414607306,-0.05099795553583394,0.018220619621554954,0.004781929875179543,0.0049950085384702775,0.040289476258887826,0.0005653988528664337,-0.01929354131020616,-0.0270759227591298,-0.011452261941311723,0.00429873112836784,-0.005466268702900742
-0.02039105388647931,-0.03718114364356945,0.001108042786279082,0.03717662126773353,-0.035249419601477164,-0.021470669338142793,0.004347970116461351,-0.038272428690724086,-0.06969315794242004,0.012994870192088228,0.06523833692646612,0.09725552315539973,0.05188177279585279,-0.04614770411286667,-0.011335373999556145,-0.005607641426102783,0.04196188499780361,0.018656013685174885,0.018305363918006842,0.01048156395007188,0.022059028502825713,0.06103261199336577,-0.011377110763668935,0.021851468088409143,-0.003921069643531199,-0.05638924241229487,-0.06141579055591194,0.04339998804786081,-0.06418333825637165,-0.08097243696778815,0.022621941790907762,-0.05863619090137414,0.04192253677447693,0.005042231436494358,-0.016007158949201784,0.016171683074418214,0.008518510178977885,-0.012989394627622754,-0.04246684510191442,-0.014215654591978015,-0.022759475936487673,-0.02431746922220978
0.016780604988351655,-0.014984121517073507,0.017994768806106343,0.00872863198276529,0.0010139183279648234,0.024255404658818515,0.02902319276470922,-0.0038145659526968826,-0.022750629484623783,0.026385225176592208,0.035632983104554664,0.05298526237321532,0.04757402857619308,-0.005580770717174562,0.019230419662608925,-0.014385014455605187,0.012750358980224146,-0.03135702924654983,-0.031444442198028735,-0.02317799416944618,-0.052912169119243034,-0.04549435045835112,-0.02309091172158789,-0.0020987184423925955,-0.024814032707309433,0.003131267673811459,0.00018918248870302798,0.0569979893995185,0.03125236207875514,0.01862670574355861,0.04422120951445029,0.05128768302304322,-0.05376034861710661,-0.07183568513463588,-0.07240411840818284,-0.025446546028861233,-0.02697513629049187,0.027264937160535067,0.038153326106574285,0.0036121312303181155,0.04585467339416536,0.02403262334005771
-0.016704557949426033,-0.046586570295779645,-0.006198301427205034,0.015781016597931925,-0.016972688137375087,-0.036009163819920434,-0.00606337649007388,-0.046328753071309535,-0.053192547937436836,0.03806316279909031,0.08232064815625377,0.09625748668039198,0.04845061703636871,-0.005048524509762663,-0.041103607986060386,0.006702642250236072,0.05173792879137838,0.05739176877121348,0.01274311282538688,-0.001185415337205995,-0.021328929662642892,0.01086759499105404,-0.037865931535092,-0.0042977214288292,-0.026975836929103887,-0.0532954142899083,-0.03310632635462009,0.026577516314531646,-0.0441063075307341,-0.04719536241790738,0.024076198744757443,-0.03131359438308294,0.034142199922571136,0.013001330008987158,-0.014380007322168771,0.010815352836018123,-0.03285784596139746,-0.026763206735046535,-0.0520820410854505,-0.008786341145923904,-0.029399740577594584,-0.03680372900721981
-0.012665036538433908,0.0035353351533240454,0.0092533238681187,-0.004717604316456298,-0.02421730717349653,0.0032338144162229747,-0.004012265161820006,-0.06356489998620515,-0.03235945198881704,0.01613216071653848,0.03632339353609301,0.03251530753972017,-0.004219972923158737,-0.013676146201336885,-0.018757386651886882,0.024782593125378782,-8.284470877269819e-05,0.02518295417713257,-0.011178872746825616,-0.02524401356281921,0.028220406596426387,0.030309182996499994,-0.023612277050639115,-0.03802744165211093,0.01957859478114274,0.01162236877087602,-0.041953354951825485,-0.03278392373847104,-0.041491103358929464,-0.03179815007746359,0.013279233841438878,-0.0041719011965656635,-0.011388077232017395,-0.007930539377220824,0.029635301281690292,-0.04762399864710219,-0.04936849129705312,-0.019292738454939045,-0.012690249909375615,-0.004419097023597496,-0.012761708007384253,-0.027280342454118953
0.022806734873528113,-0.016924509796053828,-0.004148768550962713,0.02390401700340069,0.005567718279384083,-0.003767954779047145,0.016013923970887363,-0.030230781886945928,-0.03658116464044781,0.05189298717462917,0.07151851423039216,0.07077597181229252,0.047926699210109204,-0.019064503807807283,0.004511561944303008,0.041489435401946335,0.029153120118195028,0.050197346024166596,0.02539947226137742,0.03817983950999139,0.03396609849452912,0.04594013471314389,-0.01835135129458551,0.015695198316822173,-0.00810213268555981,-0.03232175594295871,-0.04546260617620079,0.02414068997300917,-0.05060775763126638,-0.02590847604257579,-0.001481642789599793,-0.04575707171532946,0.0753426493934329,0.03365452083192422,0.0031224404897574943,0.020091017715708145,-0.001107911939250956,0.003321904460637473,-0.012321359045470938,-0.008010809244065062,-0.03132208936029533,-0.031125833513940816
-0.0519164845140591,-0.08273082970793241,-0.02546694428364569,0.04196643343294408,-0.03737654100652409,-0.04654864441412035,-0.027458517664915097,-0.04363207848188371,-0.10366493785955658,-0.002804159378097465,0.02576266930969744,0.045217378944739144,0.025435056127019674,-0.07811638622608877,-0.018955040804055405,-0.020142511743136013,-0.0064517142219208245,-0.02488052285766539,-0.021939730300711394,0.011991585661045284,-0.014153577098298393,-0.023489745222822402,-0.07248394123631258,0.022678701040072313,-0.03311077805797704,-0.06744495921025144,-0.10414712918625227,0.03683651148380281,-0.07012345353678452,-0.08034129089304692,-0.005989094601964819,-0.05797379885549644,0.01519517331453703,-0.031105730994955418,-0.05856369445567821,-0.05298500792638153,-0.027075439883877995,-0.0464272574358423,-0.021231850129290818,-0.07335322877974737,-0.05362504009030553,-0.04852665724636666
-0.04431006435984128,-0.06226174773204571,-0.024514033418673607,0.03967568479235722,-0.006196686902879244,-0.024850191555750027,-0.02990352924621253,-0.0416404627702391,-0.05784385810951728,0.01888635365109267,0.02917321347856652,0.03502606103123006,0.00032170865130391773,-0.03367537698871123,-0.025671605743510198,-0.0167974392299932,0.008151822595820743,-0.006040923640987372,-0.01547415945950048,0.044242271754359346,0.03963354281477385,0.05243308208238538,-0.025560965118607504,0.018833559642096383,0.008415897622334828,-0.03488300683726656,-0.08754349375465093,-0.002222921171163911,-0.08100232129599115,-0.061804718359289475,-0.04688077170540674,-0.10306201492349806,0.029217459491348817,0.00851185373860078,-0.0022766741307515175,0.01254387966781162,-0.008562772876766081,-0.03414089817530442,-0.04250912353941211,-0.04234018391174895,-0.04676920028578505,-0.04697636354395064
-0.017180520963411782,-0.017931025946255914,-0.02819709160900272,0.03051575685796982,-0.004705648819550539,-0.023511529115538467,-0.008686686577466254,-0.022432635122451614,-0.062241858014946284,0.006118053332903357,0.02832437723085886,0.0528841965447469,0.013853696552037902,-0.053778643575414856,-0.006788107707115471,0.020284800817283375,0.020719877683534445,0.018550753630958094,-0.03160200693264009,0.01775716763233723,0.04108197687052038,0.044140528048800746,0.01978222708370824,0.00035242137449342055,0.009685783281094948,0.005715434304945793,-0.0397897952200817,0.00015102906196769688,-0.05593807602454696,-0.024601927808402247,-0.007975443025673504,-0.05661212752967216,-0.005401329742898937,0.035306507751602365,0.006185797804036907,0.027784694813826123,-0.021361277862608635,-0.015050821317603652,-0.002762757327574515,-0.022294827022178082,-0.019628656291599,-0.009821871888807182
-0.024431771750539018,-0.026446830974669412,-0.0017340865946843308,0.04226839928951048,-0.026586977750434664,-0.03817266890246479,0.030144859609479154,0.013928773981586023,-0.026897935941589943,-0.016392267934470812,0.02388054780115614,0.07054982892297233,0.07044566787971973,-0.022264192957467406,0.008893795068174719,-0.025283334476329293,0.034198710262071254,0.010505961407027378,0.048758582822802175,0.0018342460540092386,-0.0077462433494522006,-0.013546703012804357,-0.013012520528723393,0.015947956413901402,-0.022282809141505263,-0.005047084373565812,0.011296212678078,0.041094039829673405,-0.03388281275909177,-0.02608082422096798,0.03084929950275529,-0.0015783127299324245,-0.027931646460160338,-0.021860847627465395,-0.02255429399590154,-0.03654863634222497,0.005121001114372022,0.0025835228630623247,0.025233523212275566,0.01586472883557611,-0.03346355245041966,-0.04793986462329487
-0.036333678584555065,-0.036018314147327854,-0.012752283893208056,0.05357378818481164,-0.06036689248408975,-0.07062252334973367,-0.016927616261994988,-0.052874886377605984,-0.07078386812928167,-0.002978968163781577,0.01921647148349144,0.0703401527596147,0.05037489646434025,-0.041172163567929715,-0.03730943629484025,-0.003098677806279804,0.019459604394754547,0.03138214268737358,-0.020167227049820297,-0.01347625783394434,0.004402847418493905,0.027002401172848967,-0.07517049614122834,-0.015983345092243004,-0.01689176172349325,-0.04048101673096531,-0.09101210779141514,0.013731575162512688,-0.07949049559530427,-0.0639251530888854,-0.006482359493271776,-0.07971197303233368,0.024358421288309045,0.005281103028144467,-0.015055435126818431,-0.023331244535472386,-0.029087031179105122,-0.05064645967061011,-0.041227893272653325,-0.039772809867887685,-0.04616776319287744,-0.07217296208723276
0.014730933976483524,0.0003602915713306105,-0.014086343636526848,0.03323219784387017,-0.03754843618909107,-0.00039530077237098186,0.034649490876023786,0.03340196501420203,-0.05246716092982424,-0.02344307693805691,0.0228778960434778,0.05972756315318296,0.05268968764411266,-0.05517965939277448,0.04147065239561438,0.008529147918876068,-0.022165009413823236,-0.008319559589866854,-0.01869157116914618,0.02818647281930021,-0.005629445274807646,-0.01918979513824055,-0.05024557813233566,0.028305147097666742,-0.020977497331752054,-0.022865713792188193,-0.020449678876224165,0.029357579227833865,-0.017252589820222094,-0.018755528161341958,-0.015387310962081919,-0.03242313907341021,0.012754737178277367,-0.013058661884551927,-0.022357025712987005,-0.023530322498891254,0.02098146779154646,-0.001716414223239926,0.02564943848038797,0.0013999807967744098,0.016367398087868527,0.0103285831813808
-0.034617621191464366,-0.026992437182883248,-0.039368786447849025,-0.023810602464381294,-0.038662414786082885,-0.04351476953679115,-0.0014104683681596419,-0.028042520741475816,-0.07561075125217802,-0.03437826466830938,0.003216206597141414,0.03376793862901064,0.0268642870155167,-0.07985665119102978,-0.02246246723931563,-0.024665615334451732,0.007976395144758003,-0.0065918994236172914,0.02224732805505041,-0.016212896843344492,0.03355064301387389,0.04749736501975893,-0.016899202387820573,-0.020852650093460122,0.014557963268895498,-0.024543481952163857,-0.053582335102512146,-0.024146855492271958,-0.057221006692932494,-0.05569674446447141,-0.035642309525504116,-0.07933150720399994,0.021973003990624407,0.0389387660158898,0.003762693521446311,0.01707446748801021,0.0065178484333501775,-0.03315853358668172,-0.011498079470758031,-0.03320783601358115,-0.03152625094674597,-0.062162781912617864
-0.02465969503709492,-0.027964654379547253,-0.024486402175466587,0.007429126684471826,-0.021440645970272322,-0.031482400379370355,0.006639993573087899,-0.027654402977424344,-0.06802065465626729,0.02010130852349146,0.017262739643922137,0.02778176338326901,0.0036283291041039607,-0.059981402389304814,-0.016700981453586557,-0.018259496977263073,-0.00498773187112479,-0.022992774901119672,-0.028128696070471377,0.024790679098893428,0.0065035794554322325,0.016486674664923047,-0.007632517525371939,0.02405186709095334,-0.04194026817478525,-0.051110124913862034,-0.05193131108068023,0.03426783874918611,-0.0493377219469422,-0.07056774073835864,0.018140832012581237,-0.040830814074750935,0.0314710931998325,-0.0009539216167240148,-0.011850760543995219,0.0021697766941740086,0.019178506725658486,-0.02297190268558715,-0.025968312644733062,-0.05257671532703801,0.029359938107296493,0.03950393496756984
-0.030316997148746735,-0.04852603142279279,-0.036389522231126355,0.006496112065766439,-0.036022272501242535,-0.03473334099053644,0.0073618409412091424,0.008312284859223973,-0.05100855460645571,-0.050602059292099516,-0.025064742460856076,0.03651356286778853,0.039457205649597545,-0.06373507039557764,0.011776460365349956,-0.010721254758505133,-0.044237670468559843,-0.02883978169959404,-0.013853271057870192,0.022910612263370825,0.023725897927549002,0.022008447428764788,-0.04636649546732721,0.015751565589755566,-0.009060789124859381,-0.008889593705660191,-0.07001888755879246,-0.012282937608682817,-0.07084741950718294,-0.028830969443675934,-0.05272100698582338,-0.050464355160661147,-0.017076643171274622,-0.01557702536592456,-0.021513518592176276,-0.02810526840257914,-0.027996462226937805,-0.024346875802527645,0.004749218189732346,-0.027441987591216844,-0.02974181374961213,-0.018991731384285157
0.006366942665281911,0.0151091191854499,0.00095827971684392,0.033034669815444714,-0.03136974877228118,-0.004704366482645697,0.035049954577348205,0.024829771719421814,-0.045693857246354254,-0.029708635178404802,0.0055697301821441775,0.055848728028960015,0.029979658537096637,-0.04600381299111931,0.027506102289295373,0.028324977320995752,0.014351747669244628,0.02847222329397821,0.03533706583929315,0.02281476113800006,0.06458854616754334,0.07414320606542006,0.028140703646968912,0.008218797995697424,0.027730609387470285,-0.0012569773579164652,-0.022469418908564368,0.0016908415600073467,-0.04184563881129482,-0.007838092311993743,-0.015936646696272733,-0.040360965948019814,0.03849735544251334,0.05579009994235294,0.05166540737408991,0.05563840219056934,-0.015783352965357274,0.005315279334625881,0.0038237302812034863,-0.009167532828243292,0.0019110619777359904,-0.008878630410981794
-0.03871976777863087,-0.030226173467857255,-0.031728473738857364,-0.0016716034631061995,-0.04951419303538724,-0.025438237450127733,-0.004843550032069265,-0.0042867446007052055,-0.05858971355084552,-0.023219714465919042,0.007952055299650432,0.0474079598110099,0.042615842633639975,-0.06067586071353074,-0.00012174461592584877,0.003319376604447255,-0.0056387582312996684,-0.0033535785708762762,0.003179295366062743,0.011864928319928778,0.019051190904451877,-0.004005602597407255,-0.02650405555653737,0.02176105767091935,-0.008858910440620515,-0.022441661930449035,-0.03450314458189858,0.013436994958673782,-0.04292345199371314,-0.0449836573906774,-0.04566385237497099,-0.08428080585901633,0.027578910671217812,0.007724301509599021,-0.02046846537314035,-0.03251469185394181,0.016230525231764114,-0.020874101721077808,-0.014693224228051324,-0.0556347480208916,-0.025088291959178586,-0.022966706356945716
-0.05998640667679482,-0.09449474287082936,-0.06877134483616391,0.04421685801956499,-0.025222915625098943,-0.06595118457361188,-0.05886906522722266,-0.07061602064620488,-0.07310358849883235,-0.0024299304099937627,0.004417109438024636,0.019130169152108085,-0.008809384631245734,-0.0681720395682052,-0.055639453574029434,-0.0342696104629243,-0.014784519698704198,-0.01171811579135273,-0.025098501843007038,0.006037983392612315,-0.04089776144184812,-0.024608873861074593,-0.09462923629160251,0.007256133045768203,-0.0571871158279714,-0.09209541992656783,-0.08990808359590528,0.02331114174559485,-0.07049145546803769,-0.09334010463303292,-0.04456152677829936,-0.07383466257179509,0.02212880763705625,-0.017428239358113093,-0.05077733126929976,-0.05308077681633015,-0.02404905999789805,-0.07170790271333818,-0.038918608753117506,-0.08012210324271515,-0.06725448470933913,-0.0628126430405827
-0.043565768761850664,-0.02121315860843163,-0.04916484851911683,-0.0361206917963174,0.02063684122353508,0.03110130783013616,0.014008353894927232,0.040229601696351244,0.03866443955807489,0.023622716639884495,0.03333914107154062,0.013121330339285297,0.01606358221756225,0.03383952057657772,0.04680967529102928,0.03014109715880755,0.003346761226295691,0.029963860939755647,-0.03548249823566002,0.05961163275473134,0.051546955810864686,0.03658614857227431,0.03285666234611298,0.04336798793399954,0.06225349608939643,0.026865787266334335,0.01666477828579537,-0.005222974357986338,0.03231202867752876,0.03698715310325916,-0.036281095417307736,-0.02447187337130116,0.00985870598257243,0.06216530358527724,0.06178224629366365,0.07004697452132905,0.048402285397205494,0.03859912998292875,0.0369097813947718,0.02731773946366461,0.04045055598944337,0.031712666068760054
-0.03683466021960374,-0.030868628425718865,-0.006319519279213025,0.019675736831522194,-0.034503018232818136,-0.04330594391867632,-0.035439689678153447,-0.06613243130711244,-0.0807922754395516,0.01743284801809419,0.03248750761157583,0.03272855840666988,0.005270658532574316,-0.05546816407614951,-0.043191762114289066,0.009828801189765238,-0.0069489847870267555,0.03350035361872603,0.012833793159071388,0.011639941234915572,0.029535680646991098,0.04626932595501681,-0.029736145578174115,-0.0011912326658961457,-0.026406714590413546,-0.06005021156526215,-0.09733399732170195,0.015320749159638878,-0.09683565153067217,-0.08550057598843823,0.00038647400168201904,-0.07683546379340987,0.0321195968861814,0.00882560226195878,-0.005099667156021432,0.007248129034778713,-0.01005185291162551,-0.04861652854043962,-0.05041956816277183,-0.048177695529056375,-0.05323967997318354,-0.05316630468937758
0.062326346355935675,0.05799136371020881,0.05914424922482827,-0.030608396434041986,0.015523842005020166,0.07537851873870051,0.0548295000194354,0.04453891934854698,-0.031754381055048006,0.0046512035548135,0.02754286860758222,0.025105328207488,0.01971526083420307,-0.021423339065994446,0.03802025163208443,-0.0013383637901793937,-0.003489995045276296,-0.026070378592317027,0.012920009732195021,0.052181638629495465,0.054222770992765346,0.0024634910272940806,0.016844070717822904,0.02177742683949099,0.027208573905925872,-0.011275022315513993,0.012745631179743318,0.021570042222518553,0.04144565183504378,0.025600265442875428,0.0018181193289999815,0.012410672475804076,-0.0004940536261014772,0.0016149718403134317,-0.0022144558068483335,-0.013329270495520304,0.0662097591218713,0.05043767563075198,0.017777846517136254,0.06752173027784095,0.04049702665422432,0.003573098454920693
-0.060246563091864776,-0.06599512033101756,-0.008590184948573061,0.027827603061129108,-0.011411313406488828,-0.06217001065917726,-0.04752251252281472,-0.07801770055382343,-0.052376851327315156,0.023492352767781378,0.04001986970556303,0.0394940773195622,-0.001601609182660236,-0.03306498131264591,-0.061509118484544476,-0.04532452953017215,0.021755670852929485,0.003468880383808954,-0.007418627627892266,0.012719635215255145,0.002036759615806147,0.0231812589151717,-0.05530330233592879,0.001172991533788566,-0.03211535534967318,-0.06129877851402099,-0.1200828005016507,0.023123694024684657,-0.09079731528499399,-0.07920545631685029,-0.011708194926394631,-0.07082987006638854,0.019141813468438393,-0.01577772559544021,-0.054024209894773745,-0.01127200057048665,-0.01108849084639918,-0.06525920634395543,-0.018148347840382262,-0.05779171838976785,-0.09781278007620722,-0.07781053841805419
-0.04132004483149329,-0.03727659580818544,-0.003051552792274561,0.045066194348599806,-0.009453150819495694,-0.05001765791887344,-0.040337445006512304,-0.05572512546766209,-0.07617281308234385,0.032855736741608715,0.02568743963527428,0.03771464280806131,0.002616689500238638,-0.05072422620474245,-0.03384146242857621,-0.017714025650752332,0.017844966707691902,0.024275076046314615,-0.006101986773875957,0.023381427126011392,0.01762759783754212,0.045692417719710963,-0.04074089573376085,0.02069548553493591,-0.0232627496572397,-0.06356066981452198,-0.10586742061627936,0.013996670522383752,-0.06679078313349633,-0.09062523032287993,0.005709315776175153,-0.05719456464774591,0.031598293176896664,0.013650493252601568,-0.0024973759952630066,0.002193835786858778,-0.02387080258361588,-0.05321690134098864,-0.018650813375844837,-0.04851727182109783,-0.05175870323282836,-0.023365168318515955
-0.018544423149733317,-0.021387053400541558,0.0050345136621427295,0.04048672438254862,-0.00876115669328381,-0.029157255278029665,-0.020383180716591134,-0.021033417437761645,-0.05665126233590529,0.004715461306621376,0.02899048594370839,0.04103317829889302,0.024787632812337947,-0.04267920862839253,-0.025105933099745285,0.004156772898008107,0.00017333798905833737,0.012368971861955139,-0.020267050116386798,0.0168301379935191,0.023376700500724604,0.042141014769751836,0.016870489612856313,-0.0010020643306146223,0.00052752007312799,-0.027060041806124802,-0.03938736359062937,0.007686629540454636,-0.055280525797740225,-0.06101985802887498,-0.006977723353201342,-0.057504332760684396,0.017046917877627056,0.008108119060263954,0.018633591804461183,0.0523010628610027,-0.02316830229216855,-0.023727326500001235,-0.03083119612985701,-0.028773094318186206,-0.01560655312261311,-0.008917772582519416
-0.017261715353674264,-0.031717728252215784,0.0003454256768562757,0.03640902555535191,-0.016454514978239146,-0.026259168203551456,0.005782265247000453,-0.021169768037014043,-0.08200411902377158,0.020293553804421074,0.06356366572373279,0.07971229552773751,0.04292365207465333,-0.05068359460282256,0.0064946902792738185,-0.0006046459857912427,0.01963420843527448,0.020939066819613675,-0.01581900334529791,0.039436201900435675,0.004536823785106163,0.0309042026651484,-0.01577893834451611,0.03689401053418085,-0.024411570348843562,-0.05894496400468289,-0.0584904032357018,0.04658953713866276,-0.07540915400273152,-0.08066620715805518,0.02560747933211343,-0.04574058568359199,0.029035256421750318,-0.015938247297281567,-0.018645761529679988,0.028579174485974447,0.03257348240037728,-0.011734226186175029,0.004909644942385164,-0.01321810236277215,-0.020947387307616232,-0.019763460483830757
0.01122796046606456,0.010925940047850313,0.01895810544319173,0.024970495037247752,-0.02593049542582023,0.0019557416268107175,0.015352364972452426,0.016292188495772852,-0.07569636997333046,-0.02200932951987731,0.02725017505379616,0.06237685479378297,0.04007554580143498,-0.06588752452143576,0.033543652241830126,0.0031222378951242923,-0.009140678500580358,0.002566890464327433,-0.0102752291431884,0.040315791112282305,0.057347445073280746,0.07859375004314803,0.016401430069652063,0.014309483831161991,0.008982646308484506,-0.01366048422429287,-0.04329159973993655,-0.003873027789460795,-0.06548593197715265,-0.05264702155691995,-0.034030181160780444,-0.07628634856077404,0.013148272394080604,0.03825985953727121,0.019057402107990132,0.06387365041197514,0.043732371138881364,0.0001520473862394343,0.00828032301326784,-0.017630277897486273,0.01147134417088414,0.007115495898439372
-0.007566633464177563,-0.020883499180645762,-0.0007074021788703618,0.04788094468540995,-0.02045691737557434,-0.026477699611502148,0.016088963460666992,0.015168829023038953,-0.05614948690281847,-0.025779810403405067,0.0009570837803951456,0.050111425483766014,0.041861903211499615,-0.05737262086729625,0.020860485107194723,0.010956389653866144,-4.2063949804366125e-05,0.00263798887824523,-0.01327702012351198,0.03670354818962734,0.040554921592398444,0.05547716924498192,0.008609407287538041,0.029578575385163352,0.012225078534666636,-0.0033506845293511606,-0.06831036653059343,0.016493013320498847,-0.05458581282586441,-0.05392360194937981,-0.009584339320147366,-0.05195609318860048,0.015145263713018093,0.006759997868532288,0.0011507438357028347,0.023768955985584064,-0.017040500595400437,-0.016056183781863128,0.023133577409879976,-0.0344927596853803,-0.014616653196494312,-0.03198185203957225
-0.0486307201892063,-0.013158501060699747,-0.015196282170975984,-0.01917637601009143,-0.05883488553699477,-0.057878351986701285,-0.035645613770780044,-0.034866473431943316,-0.025136322164106894,-0.031357329049550096,-0.003407445016968695,0.010842386562171534,0.005740690538324474,-0.008150756243855134,-0.03331636764610742,-0.02774746346822475,-0.011146259665478976,-0.0004927898434325885,-0.008839988943868764,0.029214387304285865,0.06364436294557346,0.053898115520802675,0.015598517975643385,0.0010858352266366572,-0.0011441902069257337,-0.02769602852048889,-0.059739189163268605,-0.03752515290952212,-0.10532816580542566,-0.07235987892098657,-0.06040986173593751,-0.1155800785628446,0.04468303412410646,0.04844488006531418,0.03116442591806327,0.05475997775382151,-0.013568553136642294,-0.0502244821983443,-0.04538469928297106,-0.07240860941354943,-0.044060775169059554,-0.06016192949076158
-0.014508911107762729,-0.008229187419800535,0.008974473724924683,0.0350385055679717,-0.005279736231184497,-0.019398089257628863,-0.005954418826245741,-0.012196510754089375,-0.05310753262007354,0.014046987479213445,0.03510077309981463,0.05416391675608303,0.03166329208428946,-0.03675828054691201,-0.006177334269586139,0.040703086176948455,0.029483180804443752,0.0458049235284499,-0.05050538038254997,0.025950743908044124,0.027875209827011305,0.007618521466950504,-0.004212463118198519,0.014124223796033168,-0.014495692864091721,-0.02153220056548407,-0.03688525673359056,0.043172242217692905,-0.050336926580250824,-0.05145465194036734,0.03343179671552275,-0.024645028232998432,0.04035938636601976,0.035337601835309596,0.01625020268865414,0.023353179921413555,-0.007005569000379839,-0.01688322557027189,0.007406072454835753,-0.021041165454389398,-0.02709784385446395,-0.006003472738463335
-0.04985043096493575,-0.04053041824647842,-0.025301299024515396,-0.007316529488765249,-0.058995905790311144,-0.04843824872833291,-0.032247205843335854,-0.030121294321687222,-0.06662893351918378,-0.022019150147250456,0.008196980234878285,0.019450097529340772,0.016240661453543845,-0.041628477655501,-0.029745711771667738,-0.00747675216778179,0.01078334714493052,0.030661339957228383,0.011841198110432109,0.007935217405321235,0.012644105234850418,0.02359595701614973,-0.014183480763773232,0.005578991440850238,-0.025350846785599904,-0.05307106743443274,-0.06421991124623257,0.007039707826698343,-0.0789016666221758,-0.08288934691415499,-0.025309984071266698,-0.07747585253264441,0.04905739739229224,0.03461324423038683,0.017007472316561748,0.027977793356733432,0.018936132782403248,-0.046427295274100444,-0.06055777180974467,-0.07533976833710872,-0.03505415634086058,-0.025239555640422833
-0.03484056775222487,-0.016857069305897567,0.004956830591573426,6.067743180405189e-05,-0.014414132793845005,-0.029213940233328673,0.007235918862860264,-0.016151773480181725,-0.053162492517564185,0.005129205384814854,0.028324172968101347,0.04723487548328374,0.04039774050685022,-0.03372637651162619,-0.003304406377983713,-0.008688658132583857,0.01644093373478886,0.0007567337196016054,-0.0075481042570916925,0.028061261462501805,0.050365509537657574,0.04857580430515483,-0.011226840178201646,0.036985820980334136,0.029076350202202166,-0.024342078244411,-0.06841711231787444,0.02036105613024654,-0.05017994743736408,-0.04751106098646485,-0.030127372207019932,-0.0755293980484759,0.006402812829246348,-0.014134109610341703,-0.018521676312420184,0.0042822202491795795,0.031723112664202656,-0.02052872338905467,-0.034656601560567546,-0.020291657691034096,-0.006985483884151432,-0.03282600310683848
-0.049053703053457666,-0.05558871657466984,-0.023004241958963882,0.007486981600130504,-0.03486979060862804,-0.04930581148674805,-0.03550030603283038,-0.07155678611483193,-0.0890439298676067,0.012257186068457488,0.028949047008786994,0.031706994474188226,-0.01064123404769924,-0.0628991064320149,-0.015854632526493828,-0.055948603854829665,-0.014355821425043866,-0.04631744862860878,-0.043941725905912964,0.0019361770936653258,-0.02651865432563103,0.014301999024096531,-0.030587369333846686,-0.017141778055642796,-0.021331534827199503,-0.03454555950506578,-0.051987767529516414,0.004815696489578775,-0.027135975614816583,-0.05509883970332535,-0.02379653271757826,-0.05014683200680322,-0.03128210441928111,-0.04626149906520268,-0.06186455910788717,0.008389766942527663,-0.015444345831694014,-0.03190660005047416,-0.009020966931691693,-0.03006778241069975,-0.0436253248812216,-0.05358682458858647
-0.03479019420558908,-0.05400916595119882,-0.014409426761517415,0.0023314216185161634,-0.016019893979737167,-0.036085759923688364,-0.0020929955299827,-0.04808604868440183,-0.06285217845643816,0.003319021464303479,0.030105832262380137,0.05185324716447177,0.004732987073008448,-0.05451015482429403,-0.016866694744633957,-0.019132783326173908,0.0116494335119463,0.0033081521173067337,0.013210696952068316,0.03329590890634404,0.016239726560825642,0.03242102700753804,-0.02702960813129792,0.031666000209530594,-0.011691106316158247,-0.05650769886838157,-0.0947944794848052,0.03086961209904578,-0.07071144695019153,-0.0756821512828977,-0.0034202336726771782,-0.06855593751792075,0.029848222100056717,-0.004454251414573302,-0.01970343058025275,0.0007659761811939777,0.005628988320187342,-0.030983935113742915,-0.03675488243869557,-0.047396793474132115,-0.05548892373312157,-0.06185588065296366
-0.045755718603073176,-0.03197745337670774,-0.007235863119677971,-0.011459302468346533,-0.022107800573384972,-0.044822879097274594,-0.03804914392218019,-0.04028637497134925,-0.06516256551929152,0.021334957828141397,0.022567274528437875,0.01519944893356608,-0.020919484474908916,-0.048739374707273915,-0.03200469331881288,0.0031836968458321215,-0.016913903176979144,0.02938467524778847,0.016403003859221593,0.0059653549916375646,-0.0020760243182050267,0.03392883847361369,-0.004629922210829956,0.00036540082940242905,-0.04995350116050255,-0.07337099545892657,-0.07285285299031513,0.00850041923037939,-0.056992025114938,-0.08273117848922079,0.016017393939126115,-0.03757014140209969,0.04496241767023247,0.012375744848091652,0.009566740347597375,0.05924935411189392,-0.012743612683386996,-0.05226155756874293,-0.05456113806384669,-0.04477346486706459,-0.011572890282859776,0.016296386761112214
-0.009466140196617026,-0.025708868080039655,-0.009263217595782308,0.03733028609832761,-0.025639507249901893,-0.03180277558447337,-0.009578126540706057,-0.005075628177134735,-0.05914374513367584,0.0027506600007685435,0.026489809710323248,0.05455575789905894,0.024881060209599223,-0.03675963436197803,0.009594792591115231,-0.02902081216338216,-0.004800562623541559,-0.014816415088174903,0.008382172992903843,0.029929450798607884,0.03958013835333806,0.03844595667317947,0.02109715853443036,0.006318300797067164,-0.020846267111893576,-0.01729451955217992,-0.03110700294358035,-0.001765101043190386,-0.07801443892843317,-0.06186720929468629,-0.01884395416790533,-0.06741347539122552,0.009900347583761909,0.02410584439151589,0.004611396469809352,0.029914981965024862,0.01952801033210364,-0.013907904315934621,0.00778778755246785,-0.034011199257817835,-0.015082047438693034,-0.029290348436381123
-0.035049501179879525,-0.027689376704623195,-0.022355335715187073,0.026514601258857583,-0.029299240266956923,-0.034119782692663414,-0.02603100078336472,-0.04104593172177163,-0.0786147831389573,0.023163721245568102,0.04286256486425111,0.042534527020356774,0.022977382427961643,-0.053161548999023964,-0.010480898227920988,0.003884908550050756,-0.003108431769865966,0.027149955279836994,-0.0038058440624609154,0.01942538940375384,0.019393937724976787,0.010850129499883138,-0.04930329001924343,0.012504608995162547,-0.014352991547129938,-0.05171630089233777,-0.06230310655756553,0.00982020344324145,-0.06467822463398536,-0.06387924217961786,-0.02618201248745966,-0.0716382805867496,0.029538001280821277,0.01949830669535712,-0.008523572898004284,-0.009849341967922804,0.016902584190549345,-0.03545178726822308,-0.031992147980926595,-0.02891997578634127,-0.016748729723936887,-0.016077394219441137
-0.04664825380714986,-0.07673238744667174,-0.051009144507025164,0.02647154889669103,-0.043397870388845926,-0.055210221870546056,-0.03681020210927584,-0.04038978260300101,-0.0823647012657699,-0.011686434772969313,0.011937201874020843,0.040260772990447544,0.020988841064540527,-0.06022875363366126,-0.015209499056608804,-0.042353253859774016,-0.008343623503806684,-0.027432235603953768,0.004377658404261296,0.00518835333527736,0.0230670144196119,0.019880434120542953,-0.014854958564494435,-0.011363150936543843,-0.0041301095161292,-0.03306018226195776,-0.06897710896349256,-0.01868933690739519,-0.07819645846132636,-0.08322910729914922,-0.05079027599590792,-0.09622272871846407,0.00403311325560942,0.004780550395616278,-0.032865166086280054,-0.019263345542451096,-0.027289699136986957,-0.06441263260763982,-0.022938683496382454,-0.06102255499054096,-0.04020381426794394,-0.00920684713776073
-0.05739179371681487,-0.0733026246733575,-0.020385896528876957,0.01531015694980743,-0.013510041721115255,-0.06427161139618329,-0.0558369433760457,-0.06998722415082001,-0.05230771650737862,0.019664509246879156,0.01962633503173041,0.0381579038473074,0.003341543875777414,-0.036604588972153976,-0.04259675111068973,-0.02973191993403766,0.020107795000464574,-0.006106893878694294,-0.00350540641933252,0.034301977207467506,0.006368904159604847,0.031674362785757214,-0.032189877582654076,0.03230173757115283,-0.043144098836161174,-0.1057948076826315,-0.12452934093351313,0.052765575953540436,-0.09615006984366273,-0.13823994237360573,0.04185422419017084,-0.05442372285178499,0.03890422303735372,-0.01079549856590711,-0.016333511613563466,-0.0019793923529294313,-0.004535130200314656,-0.04942937757307106,-0.025808066816012373,-0.046219025279307435,-0.05715379865506083,-0.07432878935463035
-0.02668955237999791,-0.031738783877774075,-0.015751490374324384,0.04502761543154495,-0.015268335133601287,-0.01559660259028096,0.008075918709736512,-0.018631098090941368,-0.10280900593530108,-0.002627821628134125,0.03630713454761566,0.06361284327409251,0.029562480435953508,-0.07801901518725056,0.0011584583760596355,0.01811672422930116,-0.004721049161851331,0.023373089083369176,-0.01996337698454588,0.005803249794365206,0.020719659280542674,0.011537814870694775,-0.05260897415262752,0.01142149393065889,-0.011390692959972587,-0.032748767536551315,-0.06037332667666337,0.010800258645370863,-0.039288161221773824,-0.043304668344402684,-0.022160471384529295,-0.055084036753584836,0.02831138395169345,0.0020516159679612664,-0.01586327315936855,-0.0014224638585435786,0.006266655000695679,-0.021309406150298523,-0.02220214078429815,-0.026967644001947184,-0.009581803213939104,-0.0060099425538722405
-0.013723532472581684,-0.046986269936289814,-0.006593995802304918,0.041343528421305745,-0.02199659459080877,-0.0364679192478839,-0.0013579277240104695,-0.02837092340830672,-0.04646568297944262,0.005734236473897716,0.03999934429565185,0.06997473282798666,0.03793061078752069,-0.036699435433665606,0.0008919842074409288,0.03385883942282653,0.013893623881364621,0.03364602974449141,0.04100258524702647,0.012199487815627059,0.03423172059943107,0.07175334950566313,-0.005481600601541762,0.014150007651226136,0.01588390320377514,-0.04042009018192998,-0.07113169538293665,0.016453606874230052,-0.056367098015707946,-0.04550107003371179,-0.010958799025685364,-0.06362404349123867,0.024055667022639553,0.02526040409639685,0.019381105843617564,0.029184322858901747,-0.012820308918984882,-0.01967277432018066,-0.029711676576531627,-0.023575140304643145,-0.027453770231772912,-0.04249986984992349
-0.04293253977129557,-0.06382573677056237,-0.0023698986651841387,0.04791161641085848,-0.02127324921875818,-0.03887239062036458,-0.03796130783550723,-0.06434482611950365,-0.06815458509388066,0.017849653273068703,0.04053310707657378,0.0621418212982793,0.024087415040030882,-0.040057032628689246,-0.04497064252925293,-0.01469046799999243,0.018073697597007818,0.008238761797092622,-0.02244371033820028,-0.0052173358298194155,0.0047643511917664595,0.041828074340087916,-0.0383795687347304,-0.010920575636256051,-0.028953877379978777,-0.0592866529914371,-0.10470936412797892,0.0287868853518839,-0.07392402485036127,-0.08209512324539409,0.004759189875673911,-0.06416149256798326,0.021836633039828194,0.010792108405411454,-0.010555193108484164,0.03482194665651042,-0.011719254709985562,-0.04531101587590562,-0.03125384102063084,-0.039224066139935586,-0.042364693489164044,-0.023666909158181863
0.010747136952759471,-0.014417570395987192,-0.023052132965567032,-0.00941409997943724,-0.028494119477120407,-0.011833061223001146,0.02029624445380454,0.030296810061235444,-0.05214827119349986,-0.027827440645403167,0.016088408813750756,0.051578799464830676,0.062006935103866005,-0.0541602126944994,0.030862540333203452,0.006140765327194096,-0.01692197363153065,-0.007566647649049925,0.015642546794249042,0.03706321558820004,0.03328571144284247,0.004353178619274229,-0.017229860324809602,0.024195325134572582,0.02299929953103671,-0.006212734340126747,-0.015737076996857245,0.008560454660231288,-0.03363584237306027,-0.01763565868287908,-0.04581105843354069,-0.055016052725416605,0.02553999827468372,0.021848099154644147,-0.005362323536093819,-0.012960148016733933,0.05697164856393849,0.007715164698116927,0.02017548024356272,-0.0020931446703159025,0.015011334448483743,0.00650736027565048
-0.041095970611597914,-0.10746317583058995,-0.04878330302199774,0.06141781253937497,-0.018477870084686314,-0.0612982555808198,-0.05265200774461023,-0.10870594400761524,-0.05677287413296565,0.05380066179823976,0.05318556136470444,0.05491757568621566,0.001672451262619166,-0.02625534700890864,-0.04886175907376403,-0.04036076130477281,-0.010016986465181564,-0.033856863032921486,-0.03000392957534312,0.007277459214024397,-0.017708868510700016,0.0028299113226063558,-0.06254748133684097,-0.016662053629697603,-0.039782301325710034,-0.07691481197601716,-0.09679205269007168,0.010924309461535255,-0.07303180000066962,-0.08290198023269849,0.00024730313587365037,-0.0579926827440387,-0.0017025919361898206,-0.05310796925602925,-0.07297813422864263,-0.03865024059880486,-0.014461422000099255,-0.06354210230281157,-0.037796222590299404,-0.04540517489039398,-0.07258512551807579,-0.07065256151889632
0.03401163506914377,0.0028157226938739254,0.01566187734126065,0.017193066332312795,-0.024764790890480254,0.0014417876306424629,0.042118345660465184,0.042046877897611024,-0.07024124152788022,-0.00447813722293553,0.026360483692390756,0.07293942569536112,0.07641748529856304,-0.05059797164988117,0.04028998921196938,0.021732276665116852,0.00830455684339391,0.018615883099315705,0.0003654988008668098,0.0563355224062078,-0.0006021881194804055,-0.013128061732325941,-0.0071653154308430585,0.06851747161777538,-0.012359263642476553,-0.02573734051507779,0.015053809068233817,0.06716505324156079,-0.039399647690607,-0.03434495417401393,0.02547256573459024,-0.028837375002582804,0.033123368914451966,0.000898549308181568,-0.011267699014350863,0.012960860726984458,0.022503862470747957,0.022666404713544325,0.02090019182780022,0.01730116611188338,0.02060927623393006,0.008762798076043654
-0.05462003018218073,-0.06314347208414706,-0.01634820998722265,0.013638496533531504,-0.04881082053249742,-0.07010162098929948,-0.034388333481411335,-0.058730061109612854,-0.11537012269062595,-0.01598669417673772,0.016299249219802008,0.045412666614829886,0.016547713027600674,-0.08938047307183344,-0.04777692022508181,-0.01111290324877839,0.002321715270069022,0.02148873833155012,0.0008201334677626316,-0.026365211737476003,0.017166662293934716,0.03901053275696779,-0.05932816455614694,-0.022602898634460345,-0.010749436361666642,-0.06226980456947989,-0.11761095066744061,-0.00043544895670120123,-0.0868886673596569,-0.07741272916489826,-0.03170999123666318,-0.08767997518537841,0.010873696176500951,-0.012197894539917572,-0.045845870470241,-0.016044511114596146,-0.025296314071490956,-0.06701943653372049,-0.05376444951339143,-0.04980852038077553,-0.0706157609505665,-0.05566500019044927
-0.06321277312090816,-0.05280265836687784,-0.02618501539051172,0.030215407082940505,-0.03837136694552082,-0.08303414658519925,-0.03957445630213331,-0.0717728014167053,-0.05576551227301466,-0.008388481613541034,0.0015000100830868974,0.012349183016495617,0.004752040433618698,-0.03243347329523209,-0.06528247605559051,-0.005331546394717755,-0.003052379865143526,0.028174256592035356,0.027004910988662215,-0.0247082082581815,-0.005426490682179194,0.012040951985422309,-0.07559094290384434,-0.03259342342421284,-0.011795905600099922,-0.041251906831006026,-0.09803777281233148,-0.015272892534215023,-0.07037792518988227,-0.04540433372576496,-0.03938401356529538,-0.0779959078905238,0.007538847729744515,-0.004583176040407727,-0.03558124860811053,-0.007085888444430042,-0.021954509469160315,-0.07277705939581726,-0.04962298836875496,-0.05348424928525305,-0.0871217263750205,-0.09545484394769706
-0.07051556732111279,-0.04771028582137238,-0.020704626304550094,-0.017618028555795886,-0.036314968954336335,-0.04199680773867452,-0.04306999406981028,-0.06616212813982611,-0.051233289111296224,-0.02462894420764862,-0.041037082614125586,-0.033822837587292744,-0.05324584184303578,-0.03728409440232863,-0.0721861054565221,-0.04365414652885624,0.005935534943743798,-0.014459709859658276,-0.07177293213671448,-0.017353243692339856,0.052402300931522,0.0763523655800939,0.013181534276185432,-0.05226876578711896,-0.017919189140899055,0.000931933181757416,-0.10420642708605699,-0.056021599781199784,-0.10298249365204257,-0.07147020792338497,-0.04501404439130729,-0.09698202120576035,-0.02343310086443814,0.04215298203639005,0.04682758525212083,0.031016239151173228,-0.0375207588812468,-0.06739824549759316,-0.024240221798135498,-0.05481470115033422,-0.052038195910429144,-0.053491527556902674
-0.01867128242732559,-0.019057810200016005,0.0019169925330118176,0.058352650918880124,-0.03636035607107111,-0.03898082386108143,-0.005266719836029073,-0.03772023849243002,-0.0805581298997859,0.009346350843851072,0.05143070800940778,0.0822369881741214,0.04325271286185031,-0.051423404854114334,-0.024492179522242502,0.0016878810976970796,0.029065006342020937,0.036292860892160134,0.015822980677925577,-0.011007072058331022,0.016436525350548806,0.05545110415642272,-0.031133648781853207,-0.006178875655971633,-0.018098731843935376,-0.053669986147261727,-0.0761130732725215,0.025143945805480905,-0.06629287207790827,-0.06580810116653894,0.008530659456913033,-0.05965251239679912,0.036219457027807066,0.007582159357293445,-0.007141963208440573,0.026404602740050766,-0.025315548895021224,-0.03145865411500807,-0.058550395278996914,-0.015842957113688255,-0.02367680427121387,-0.038637075949218676
-0.007581621564756405,-0.004588660738207841,0.016179265486020326,0.0324881192900143,0.0017756418282078505,-0.012905757246931245,-0.0017997636053074125,-0.026651939185366708,-0.05120118839219181,0.021037482619220445,0.04910785052049283,0.06256326433900337,0.03282821852567294,-0.018858179759405472,-0.006899898593709949,0.027566577080924887,0.02533605550419816,0.03942628452583902,0.006235161822869571,0.01635547803738057,0.03246696289001011,0.08451140085017249,-0.002660891848634793,0.016138817501130102,0.0025468401250101354,-0.015736254798382754,-0.07867192285856477,0.021329653562883466,-0.07190621607276221,-0.05368817680260907,-0.015600414617519093,-0.07245532409941535,0.024070982089515372,0.000696433378329404,0.018317438285786598,0.04009297702602964,0.018850543113078114,-0.005465652277202193,-0.022675463312770604,-0.022678894026936812,-0.031207697452691325,-0.030991658749783154
-0.0892518880108516,-0.0742045481094484,-0.014654041500878014,0.017230447877136925,-0.012935156434334521,-0.07209773602349938,-0.07438249759203788,-0.07744380458804552,-0.05132554860930155,0.0002813790642194419,0.007525997942828862,9.200385078371489e-05,-0.03554693262535729,-0.042830942040951676,-0.06275725341044895,-0.03598218630900987,-0.009645748062237476,0.012466748765233219,-0.024912280040932155,0.01223025055910603,0.015230086207633954,0.033807020057653965,-0.037027188749158065,0.012395533521620197,-0.023394015185802308,-0.048179022460184406,-0.11633334245394816,0.0040591017448921105,-0.0793097164076188,-0.090213262059882,-0.028709886214056304,-0.07222969460790316,0.03046871887599435,0.004125146554709468,-0.016133987836395976,-0.006851440326525825,-0.012069238338930135,-0.07696614833192239,-0.06559623962341435,-0.07817351765324194,-0.08564730871780515,-0.06937461639090302
0.006736652525412445,-0.023767879213029627,-0.04306927226350153,0.021080179651580308,-0.023929069420364667,-0.013358383459537467,0.004649451932355617,0.011144422486574221,-0.02938607358764849,-0.010283793110966343,0.03071407346154068,0.04990023057179086,0.030075024364109474,-0.016618055010087028,0.025819310907411613,0.011777301134002582,0.011116965862924533,0.00652478509447536,0.021978239447256506,0.04727674521116743,0.031045801382595713,0.03264189002853022,0.026064083083254662,0.01934408140658528,-0.012478832646947512,-0.03572143454558215,-0.020591126414792164,0.009363650693356576,-0.07072120667501046,-0.05016829522181039,-0.024181240858947177,-0.06377559071846814,0.02193761415045631,0.009000339947847968,0.01123982339171911,0.05020776019163336,-0.003356034312482776,-0.006324153197335824,0.013965425577484895,-0.002326729954382042,0.008292149321115931,-0.027629072862988737
-0.06239862118693322,-0.06629639246064938,-0.020423852902403686,0.020338533067491504,-0.05309764829535677,-0.07384637017758858,-0.06110656313900244,-0.09186949825478007,-0.07992912547042913,-0.018052712673413143,0.0014313714141666997,0.01631598831539934,-0.00523204021863376,-0.05997765025872093,-0.07626041178840665,-0.045680535849198574,0.008945956550422022,-0.004543461900630713,0.03795782986628962,-0.019555392546388318,-0.00327487421300046,0.03135745606315601,-0.051824241065896365,-0.030956672412538962,-0.04041077901111719,-0.0761725528624403,-0.10228238409070435,-0.01650915193169636,-0.10024455932245321,-0.09674735526637047,-0.007976998925896124,-0.09143578969081825,0.023566537743399923,0.0047872588659973086,-0.013091614087889131,0.024019806826384486,-0.03339987674818557,-0.07519746147181869,-0.04990314763464382,-0.074975532043443,-0.06890567374019324,-0.06010294948524953
-0.041144430254541044,-0.0014933575724954842,0.0011928222231462878,0.028052700596426127,-0.01634966739499711,-0.037097578218915794,-0.03370961979226223,-0.043609194051533316,-0.059958724621176816,0.025330306119647268,0.04651598545239823,0.04234327193321811,0.009862215192837382,-0.03141124154810775,-0.0034883270307352232,-0.01006857545663036,-0.010623494950356692,0.034209018316860226,0.00963705133717681,0.013846787698595393,-0.03143391342391656,-0.031024371663487975,-0.05644714246689538,0.009845101567396746,-0.06423482915322241,-0.09251893798024159,-0.06283561115901254,0.028545679047524013,-0.06705360134708789,-0.05785318374000726,0.028705988191362657,-0.012298017021902894,0.012140940094356989,-0.001576057950756488,-0.0025575933837184324,0.022005731224014422,0.012776376083442694,-0.01324208666354535,-0.045771298648108194,-0.011845354647955263,0.005277188053216663,-0.014958693064217607
-0.04478458568909887,-0.05923361702082313,-0.01812800978601087,0.04860824404340895,-0.052259922429369374,-0.08289452811946446,-0.06028740110290849,-0.06551058309665733,-0.04706642685673624,0.025371991661372023,0.043290482657331736,0.06131386205296245,0.030546996748624655,-0.010809721854830085,-0.05795541062805585,-0.019453870175950017,0.022146768188585575,0.025665371782630432,0.0139994729171904,-0.012742318922491194,-0.007321744209911994,0.05099304213772221,-0.04335617686232823,-0.016948037526764114,-0.04361134040415399,-0.09508135692888758,-0.1019755583109204,0.006901287959347086,-0.08662111346708387,-0.0941033562832667,0.009712105400105097,-0.06332492312408662,0.026404438246942784,0.017933355508215752,-0.0029207275084141247,0.035226517871794844,-0.03437501087006475,-0.05654282941075874,-0.06265655422127994,-0.037900347371338544,-0.04332024322214325,-0.0505531971710483
-0.05609610719652316,-0.09999444723166664,-0.013110009577710788,0.0541842923094148,-0.007400418476323965,-0.06918877547068226,-0.07026395288955538,-0.11241795342832708,-0.0759155950639785,0.045450804924205716,0.051129330679828174,0.04613140374837425,-0.012801181566209194,-0.03410004166752239,-0.0697161583077371,-0.0030626332798351823,0.016011177375910225,0.026668035080577256,0.0019997866600046546,-0.0010665201426945253,-0.011950459519718824,0.04196456512073059,-0.04681291730250521,0.005005984770205131,-0.04631288354090102,-0.09866063334960572,-0.11935868902744501,0.04514792799476963,-0.09753931568016452,-0.13651429882566088,0.01692832453856208,-0.07731436447818014,0.04974180237135669,0.003232360372746304,-0.039119863362044295,0.02309391284338864,-0.0510311689748175,-0.06939370293252799,-0.055408903300135086,-0.06513546384363295,-0.08162333201325811,-0.1068240992606261
